Timestamp,Synthetic Site Electricity Main Total Power
2021-12-04T00:00:00-07:00 Denver,108.54660110473633
2021-12-04T00:01:00-07:00 Denver,108.85580184936524
2021-12-04T00:02:00-07:00 Denver,109.170400390625
2021-12-04T00:03:00-07:00 Denver,109.46520065307618
2021-12-04T00:04:00-07:00 Denver,109.78700134277344
2021-12-04T00:05:00-07:00 Denver,110.02780075073242
2021-12-04T00:06:00-07:00 Denver,110.12600021362304
2021-12-04T00:07:00-07:00 Denver,110.2061981201172
2021-12-04T00:08:00-07:00 Denver,110.26300048828125
2021-12-04T00:09:00-07:00 Denver,110.34319839477538
2021-12-04T00:10:00-07:00 Denver,110.41799850463867
2021-12-04T00:11:00-07:00 Denver,110.69379974365235
2021-12-04T00:12:00-07:00 Denver,110.98939926147462
2021-12-04T00:13:00-07:00 Denver,111.27239883422853
2021-12-04T00:14:00-07:00 Denver,111.48520034790039
2021-12-04T00:15:00-07:00 Denver,111.59360122680664
2021-12-04T00:16:00-07:00 Denver,110.32079940795899
2021-12-04T00:17:00-07:00 Denver,109.05700027465821
2021-12-04T00:18:00-07:00 Denver,107.82920043945313
2021-12-04T00:19:00-07:00 Denver,106.62660049438477
2021-12-04T00:20:00-07:00 Denver,105.43840103149414
2021-12-04T00:21:00-07:00 Denver,105.93020156860351
2021-12-04T00:22:00-07:00 Denver,106.41840103149414
2021-12-04T00:23:00-07:00 Denver,106.97859909057617
2021-12-04T00:24:00-07:00 Denver,107.59100128173827
2021-12-04T00:25:00-07:00 Denver,108.25199890136719
2021-12-04T00:26:00-07:00 Denver,108.19599975585938
2021-12-04T00:27:00-07:00 Denver,108.1274006652832
2021-12-04T00:28:00-07:00 Denver,108.08220092773438
2021-12-04T00:29:00-07:00 Denver,108.03520065307617
2021-12-04T00:30:00-07:00 Denver,107.9504005432129
2021-12-04T00:31:00-07:00 Denver,108.75979904174805
2021-12-04T00:32:00-07:00 Denver,109.67180145263673
2021-12-04T00:33:00-07:00 Denver,110.64860031127931
2021-12-04T00:34:00-07:00 Denver,111.42740112304688
2021-12-04T00:35:00-07:00 Denver,112.13600006103516
2021-12-04T00:36:00-07:00 Denver,110.57379974365234
2021-12-04T00:37:00-07:00 Denver,109.06379974365234
2021-12-04T00:38:00-07:00 Denver,107.52859985351562
2021-12-04T00:39:00-07:00 Denver,105.92140136718749
2021-12-04T00:40:00-07:00 Denver,104.20260009765624
2021-12-04T00:41:00-07:00 Denver,104.97519973754882
2021-12-04T00:42:00-07:00 Denver,105.84140060424804
2021-12-04T00:43:00-07:00 Denver,106.64999954223632
2021-12-04T00:44:00-07:00 Denver,107.48739944458008
2021-12-04T00:45:00-07:00 Denver,108.3463981628418
2021-12-04T00:46:00-07:00 Denver,107.51880004882813
2021-12-04T00:47:00-07:00 Denver,106.7146012878418
2021-12-04T00:48:00-07:00 Denver,105.892400970459
2021-12-04T00:49:00-07:00 Denver,105.06659957885742
2021-12-04T00:50:00-07:00 Denver,104.21739883422852
2021-12-04T00:51:00-07:00 Denver,105.12919937133789
2021-12-04T00:52:00-07:00 Denver,106.03919937133789
2021-12-04T00:53:00-07:00 Denver,106.82500045776366
2021-12-04T00:54:00-07:00 Denver,107.82139953613282
2021-12-04T00:55:00-07:00 Denver,108.9276008605957
2021-12-04T00:56:00-07:00 Denver,109.1873992919922
2021-12-04T00:57:00-07:00 Denver,109.30859832763673
2021-12-04T00:58:00-07:00 Denver,109.19760055541992
2021-12-04T00:59:00-07:00 Denver,109.13699874877929
2021-12-04T01:00:00-07:00 Denver,109.08720016479492
2021-12-04T01:01:00-07:00 Denver,107.66000152587891
2021-12-04T01:02:00-07:00 Denver,106.31560089111329
2021-12-04T01:03:00-07:00 Denver,105.03600051879883
2021-12-04T01:04:00-07:00 Denver,103.80499938964843
2021-12-04T01:05:00-07:00 Denver,102.60820083618164
2021-12-04T01:06:00-07:00 Denver,103.03340072631836
2021-12-04T01:07:00-07:00 Denver,103.45860061645507
2021-12-04T01:08:00-07:00 Denver,103.93420028686523
2021-12-04T01:09:00-07:00 Denver,104.52860107421876
2021-12-04T01:10:00-07:00 Denver,105.03300170898437
2021-12-04T01:11:00-07:00 Denver,106.49900100708008
2021-12-04T01:12:00-07:00 Denver,107.96139923095703
2021-12-04T01:13:00-07:00 Denver,109.59839996337891
2021-12-04T01:14:00-07:00 Denver,111.3433985900879
2021-12-04T01:15:00-07:00 Denver,113.32960052490235
2021-12-04T01:16:00-07:00 Denver,112.38120010375977
2021-12-04T01:17:00-07:00 Denver,111.16820083618164
2021-12-04T01:18:00-07:00 Denver,109.63660186767578
2021-12-04T01:19:00-07:00 Denver,107.97539855957031
2021-12-04T01:20:00-07:00 Denver,106.33040008544921
2021-12-04T01:21:00-07:00 Denver,107.14760177612304
2021-12-04T01:22:00-07:00 Denver,107.92519927978515
2021-12-04T01:23:00-07:00 Denver,108.90079864501952
2021-12-04T01:24:00-07:00 Denver,109.96460144042967
2021-12-04T01:25:00-07:00 Denver,110.98880004882812
2021-12-04T01:26:00-07:00 Denver,110.0176008605957
2021-12-04T01:27:00-07:00 Denver,109.09859817504883
2021-12-04T01:28:00-07:00 Denver,108.18859817504884
2021-12-04T01:29:00-07:00 Denver,107.31640182495119
2021-12-04T01:30:00-07:00 Denver,106.60620040893555
2021-12-04T01:31:00-07:00 Denver,106.42259979248047
2021-12-04T01:32:00-07:00 Denver,106.10759811401367
2021-12-04T01:33:00-07:00 Denver,105.71700057983398
2021-12-04T01:34:00-07:00 Denver,105.3389991760254
2021-12-04T01:35:00-07:00 Denver,104.89079971313477
2021-12-04T01:36:00-07:00 Denver,105.99000061035156
2021-12-04T01:37:00-07:00 Denver,107.9334016418457
2021-12-04T01:38:00-07:00 Denver,109.78499816894531
2021-12-04T01:39:00-07:00 Denver,110.95260040283202
2021-12-04T01:40:00-07:00 Denver,111.6
2021-12-04T01:41:00-07:00 Denver,110.4055989074707
2021-12-04T01:42:00-07:00 Denver,109.37859817504884
2021-12-04T01:43:00-07:00 Denver,108.52079833984375
2021-12-04T01:44:00-07:00 Denver,107.73320037841796
2021-12-04T01:45:00-07:00 Denver,106.83399963378906
2021-12-04T01:46:00-07:00 Denver,106.38779830932617
2021-12-04T01:47:00-07:00 Denver,105.71480178833008
2021-12-04T01:48:00-07:00 Denver,105.25960159301758
2021-12-04T01:49:00-07:00 Denver,104.94120025634766
2021-12-04T01:50:00-07:00 Denver,104.75419998168945
2021-12-04T01:51:00-07:00 Denver,106.21860061645508
2021-12-04T01:52:00-07:00 Denver,107.44359848022461
2021-12-04T01:53:00-07:00 Denver,108.52279861450195
2021-12-04T01:54:00-07:00 Denver,109.67939895629883
2021-12-04T01:55:00-07:00 Denver,110.89540176391601
2021-12-04T01:56:00-07:00 Denver,110.77459869384765
2021-12-04T01:57:00-07:00 Denver,110.70239868164062
2021-12-04T01:58:00-07:00 Denver,110.29360122680663
2021-12-04T01:59:00-07:00 Denver,109.91540145874023
2021-12-04T02:00:00-07:00 Denver,109.64519958496093
2021-12-04T02:01:00-07:00 Denver,108.75779922485351
2021-12-04T02:02:00-07:00 Denver,108.00540100097656
2021-12-04T02:03:00-07:00 Denver,107.3628012084961
2021-12-04T02:04:00-07:00 Denver,106.66259948730469
2021-12-04T02:05:00-07:00 Denver,105.98219985961914
2021-12-04T02:06:00-07:00 Denver,107.5152001953125
2021-12-04T02:07:00-07:00 Denver,108.94740097045899
2021-12-04T02:08:00-07:00 Denver,110.21220138549805
2021-12-04T02:09:00-07:00 Denver,111.23040069580078
2021-12-04T02:10:00-07:00 Denver,112.21979904174805
2021-12-04T02:11:00-07:00 Denver,110.6131982421875
2021-12-04T02:12:00-07:00 Denver,108.98499862670897
2021-12-04T02:13:00-07:00 Denver,107.29379928588867
2021-12-04T02:14:00-07:00 Denver,105.6332014465332
2021-12-04T02:15:00-07:00 Denver,104.03199844360351
2021-12-04T02:16:00-07:00 Denver,104.78440032958984
2021-12-04T02:17:00-07:00 Denver,105.47379867553711
2021-12-04T02:18:00-07:00 Denver,106.09119842529297
2021-12-04T02:19:00-07:00 Denver,106.8165998840332
2021-12-04T02:20:00-07:00 Denver,107.59240112304687
2021-12-04T02:21:00-07:00 Denver,106.88100036621093
2021-12-04T02:22:00-07:00 Denver,106.12460144042967
2021-12-04T02:23:00-07:00 Denver,105.3465998840332
2021-12-04T02:24:00-07:00 Denver,104.73419815063477
2021-12-04T02:25:00-07:00 Denver,104.21180038452148
2021-12-04T02:26:00-07:00 Denver,104.80939865112305
2021-12-04T02:27:00-07:00 Denver,105.40159912109375
2021-12-04T02:28:00-07:00 Denver,105.95960083007813
2021-12-04T02:29:00-07:00 Denver,106.48700103759765
2021-12-04T02:30:00-07:00 Denver,106.94780044555664
2021-12-04T02:31:00-07:00 Denver,107.7733999633789
2021-12-04T02:32:00-07:00 Denver,108.4981999206543
2021-12-04T02:33:00-07:00 Denver,109.11320144653321
2021-12-04T02:34:00-07:00 Denver,109.81639877319336
2021-12-04T02:35:00-07:00 Denver,110.55559921264648
2021-12-04T02:36:00-07:00 Denver,110.78320068359375
2021-12-04T02:37:00-07:00 Denver,111.09900177001953
2021-12-04T02:38:00-07:00 Denver,111.5533984375
2021-12-04T02:39:00-07:00 Denver,112.49199844360352
2021-12-04T02:40:00-07:00 Denver,113.35859985351563
2021-12-04T02:41:00-07:00 Denver,112.58820037841797
2021-12-04T02:42:00-07:00 Denver,111.45059814453124
2021-12-04T02:43:00-07:00 Denver,110.21039962768555
2021-12-04T02:44:00-07:00 Denver,109.25819931030273
2021-12-04T02:45:00-07:00 Denver,108.65880126953125
2021-12-04T02:46:00-07:00 Denver,108.26520050048828
2021-12-04T02:47:00-07:00 Denver,107.52419906616211
2021-12-04T02:48:00-07:00 Denver,106.63739990234374
2021-12-04T02:49:00-07:00 Denver,105.70919982910155
2021-12-04T02:50:00-07:00 Denver,104.83500061035156
2021-12-04T02:51:00-07:00 Denver,105.42219848632811
2021-12-04T02:52:00-07:00 Denver,106.02380065917967
2021-12-04T02:53:00-07:00 Denver,107.13120117187499
2021-12-04T02:54:00-07:00 Denver,108.35919952392578
2021-12-04T02:55:00-07:00 Denver,109.20919952392578
2021-12-04T02:56:00-07:00 Denver,109.46200088500976
2021-12-04T02:57:00-07:00 Denver,109.71659896850585
2021-12-04T02:58:00-07:00 Denver,109.89019958496092
2021-12-04T02:59:00-07:00 Denver,110.24919830322266
2021-12-04T03:00:00-07:00 Denver,110.75759963989258
2021-12-04T03:01:00-07:00 Denver,110.07699829101563
2021-12-04T03:02:00-07:00 Denver,109.28659851074218
2021-12-04T03:03:00-07:00 Denver,108.39719970703125
2021-12-04T03:04:00-07:00 Denver,107.5816000366211
2021-12-04T03:05:00-07:00 Denver,106.73899993896484
2021-12-04T03:06:00-07:00 Denver,107.5701986694336
2021-12-04T03:07:00-07:00 Denver,108.52920120239258
2021-12-04T03:08:00-07:00 Denver,109.50799819946289
2021-12-04T03:09:00-07:00 Denver,110.4814012145996
2021-12-04T03:10:00-07:00 Denver,111.4349983215332
2021-12-04T03:11:00-07:00 Denver,110.06660095214843
2021-12-04T03:12:00-07:00 Denver,108.73960067749023
2021-12-04T03:13:00-07:00 Denver,107.39459884643554
2021-12-04T03:14:00-07:00 Denver,106.06220077514648
2021-12-04T03:15:00-07:00 Denver,104.65960083007812
2021-12-04T03:16:00-07:00 Denver,105.89239868164061
2021-12-04T03:17:00-07:00 Denver,107.20620162963866
2021-12-04T03:18:00-07:00 Denver,108.65679962158202
2021-12-04T03:19:00-07:00 Denver,110.05700164794922
2021-12-04T03:20:00-07:00 Denver,111.42839889526367
2021-12-04T03:21:00-07:00 Denver,110.7331997680664
2021-12-04T03:22:00-07:00 Denver,110.19999938964844
2021-12-04T03:23:00-07:00 Denver,109.69379943847656
2021-12-04T03:24:00-07:00 Denver,109.02199966430663
2021-12-04T03:25:00-07:00 Denver,108.31780166625977
2021-12-04T03:26:00-07:00 Denver,109.16219848632812
2021-12-04T03:27:00-07:00 Denver,109.99219863891602
2021-12-04T03:28:00-07:00 Denver,111.03640167236328
2021-12-04T03:29:00-07:00 Denver,112.28760162353515
2021-12-04T03:30:00-07:00 Denver,113.56939926147462
2021-12-04T03:31:00-07:00 Denver,114.07420013427735
2021-12-04T03:32:00-07:00 Denver,114.42959838867188
2021-12-04T03:33:00-07:00 Denver,114.74540008544922
2021-12-04T03:34:00-07:00 Denver,115.13139984130859
2021-12-04T03:35:00-07:00 Denver,115.65960006713867
2021-12-04T03:36:00-07:00 Denver,115.10100128173828
2021-12-04T03:37:00-07:00 Denver,114.3822004699707
2021-12-04T03:38:00-07:00 Denver,113.62379928588867
2021-12-04T03:39:00-07:00 Denver,112.90679901123048
2021-12-04T03:40:00-07:00 Denver,112.1592010498047
2021-12-04T03:41:00-07:00 Denver,111.79939895629883
2021-12-04T03:42:00-07:00 Denver,111.52599975585937
2021-12-04T03:43:00-07:00 Denver,111.29220092773437
2021-12-04T03:44:00-07:00 Denver,110.90719894409179
2021-12-04T03:45:00-07:00 Denver,110.4052001953125
2021-12-04T03:46:00-07:00 Denver,111.6789990234375
2021-12-04T03:47:00-07:00 Denver,113.02660079956054
2021-12-04T03:48:00-07:00 Denver,114.43719848632811
2021-12-04T03:49:00-07:00 Denver,115.83700057983398
2021-12-04T03:50:00-07:00 Denver,117.17020187377929
2021-12-04T03:51:00-07:00 Denver,115.81939880371094
2021-12-04T03:52:00-07:00 Denver,114.40740036010743
2021-12-04T03:53:00-07:00 Denver,112.75960021972656
2021-12-04T03:54:00-07:00 Denver,111.04699981689453
2021-12-04T03:55:00-07:00 Denver,109.35779876708985
2021-12-04T03:56:00-07:00 Denver,109.69080169677734
2021-12-04T03:57:00-07:00 Denver,110.10659881591796
2021-12-04T03:58:00-07:00 Denver,110.65019973754882
2021-12-04T03:59:00-07:00 Denver,111.36839935302734
2021-12-04T04:00:00-07:00 Denver,112.06139907836913
2021-12-04T04:01:00-07:00 Denver,112.4130014038086
2021-12-04T04:02:00-07:00 Denver,112.79879867553711
2021-12-04T04:03:00-07:00 Denver,113.25839889526368
2021-12-04T04:04:00-07:00 Denver,113.55419982910158
2021-12-04T04:05:00-07:00 Denver,114.0156005859375
2021-12-04T04:06:00-07:00 Denver,112.9405990600586
2021-12-04T04:07:00-07:00 Denver,111.50740127563478
2021-12-04T04:08:00-07:00 Denver,110.04359817504884
2021-12-04T04:09:00-07:00 Denver,108.69679946899416
2021-12-04T04:10:00-07:00 Denver,107.3734001159668
2021-12-04T04:11:00-07:00 Denver,108.0774008178711
2021-12-04T04:12:00-07:00 Denver,108.77239883422851
2021-12-04T04:13:00-07:00 Denver,109.52679931640624
2021-12-04T04:14:00-07:00 Denver,110.38740097045897
2021-12-04T04:15:00-07:00 Denver,111.34879837036132
2021-12-04T04:16:00-07:00 Denver,111.36260131835937
2021-12-04T04:17:00-07:00 Denver,111.33139846801757
2021-12-04T04:18:00-07:00 Denver,111.39919845581053
2021-12-04T04:19:00-07:00 Denver,111.72980056762695
2021-12-04T04:20:00-07:00 Denver,112.18999938964843
2021-12-04T04:21:00-07:00 Denver,113.56759811401366
2021-12-04T04:22:00-07:00 Denver,114.7363993835449
2021-12-04T04:23:00-07:00 Denver,115.73960083007812
2021-12-04T04:24:00-07:00 Denver,116.71220077514647
2021-12-04T04:25:00-07:00 Denver,117.75140151977538
2021-12-04T04:26:00-07:00 Denver,117.72000061035156
2021-12-04T04:27:00-07:00 Denver,117.5589991760254
2021-12-04T04:28:00-07:00 Denver,117.43759811401368
2021-12-04T04:29:00-07:00 Denver,117.14699996948244
2021-12-04T04:30:00-07:00 Denver,117.14440002441407
2021-12-04T04:31:00-07:00 Denver,116.58740005493165
2021-12-04T04:32:00-07:00 Denver,115.85759811401368
2021-12-04T04:33:00-07:00 Denver,115.02339935302736
2021-12-04T04:34:00-07:00 Denver,113.99299926757814
2021-12-04T04:35:00-07:00 Denver,113.01479949951172
2021-12-04T04:36:00-07:00 Denver,112.19900177001954
2021-12-04T04:37:00-07:00 Denver,111.47680145263672
2021-12-04T04:38:00-07:00 Denver,110.79959930419922
2021-12-04T04:39:00-07:00 Denver,110.1043994140625
2021-12-04T04:40:00-07:00 Denver,109.41999893188476
2021-12-04T04:41:00-07:00 Denver,110.45940139770508
2021-12-04T04:42:00-07:00 Denver,111.50779891967774
2021-12-04T04:43:00-07:00 Denver,112.49500106811524
2021-12-04T04:44:00-07:00 Denver,113.35980102539062
2021-12-04T04:45:00-07:00 Denver,114.1994010925293
2021-12-04T04:46:00-07:00 Denver,114.47900131225586
2021-12-04T04:47:00-07:00 Denver,114.79460083007812
2021-12-04T04:48:00-07:00 Denver,115.0831999206543
2021-12-04T04:49:00-07:00 Denver,115.34300186157226
2021-12-04T04:50:00-07:00 Denver,115.59919891357421
2021-12-04T04:51:00-07:00 Denver,114.54160079956054
2021-12-04T04:52:00-07:00 Denver,113.54520187377929
2021-12-04T04:53:00-07:00 Denver,112.59919891357421
2021-12-04T04:54:00-07:00 Denver,111.64240036010742
2021-12-04T04:55:00-07:00 Denver,110.64240036010742
2021-12-04T04:56:00-07:00 Denver,111.39240036010742
2021-12-04T04:57:00-07:00 Denver,112.16219863891601
2021-12-04T04:58:00-07:00 Denver,112.92839965820312
2021-12-04T04:59:00-07:00 Denver,113.6802001953125
2021-12-04T05:00:00-07:00 Denver,114.42120132446288
2021-12-04T05:01:00-07:00 Denver,114.2979997253418
2021-12-04T05:02:00-07:00 Denver,114.2720004272461
2021-12-04T05:03:00-07:00 Denver,114.41340148925782
2021-12-04T05:04:00-07:00 Denver,114.53680099487306
2021-12-04T05:05:00-07:00 Denver,114.58820190429688
2021-12-04T05:06:00-07:00 Denver,114.95020034790039
2021-12-04T05:07:00-07:00 Denver,115.16279998779297
2021-12-04T05:08:00-07:00 Denver,115.19539932250976
2021-12-04T05:09:00-07:00 Denver,115.22799865722655
2021-12-04T05:10:00-07:00 Denver,115.48199920654297
2021-12-04T05:11:00-07:00 Denver,114.32419937133788
2021-12-04T05:12:00-07:00 Denver,113.24379974365235
2021-12-04T05:13:00-07:00 Denver,112.15080017089844
2021-12-04T05:14:00-07:00 Denver,111.02719909667968
2021-12-04T05:15:00-07:00 Denver,109.89459915161133
2021-12-04T05:16:00-07:00 Denver,109.47159942626953
2021-12-04T05:17:00-07:00 Denver,108.98559997558594
2021-12-04T05:18:00-07:00 Denver,108.52840148925782
2021-12-04T05:19:00-07:00 Denver,108.15759826660157
2021-12-04T05:20:00-07:00 Denver,107.92719879150391
2021-12-04T05:21:00-07:00 Denver,108.58560012817384
2021-12-04T05:22:00-07:00 Denver,109.14679916381837
2021-12-04T05:23:00-07:00 Denver,109.73320190429688
2021-12-04T05:24:00-07:00 Denver,110.32859970092773
2021-12-04T05:25:00-07:00 Denver,110.9204002380371
2021-12-04T05:26:00-07:00 Denver,111.32920104980468
2021-12-04T05:27:00-07:00 Denver,111.58679870605468
2021-12-04T05:28:00-07:00 Denver,111.94339920043944
2021-12-04T05:29:00-07:00 Denver,112.1920018005371
2021-12-04T05:30:00-07:00 Denver,112.48919982910157
2021-12-04T05:31:00-07:00 Denver,112.25840072631836
2021-12-04T05:32:00-07:00 Denver,112.41639938354493
2021-12-04T05:33:00-07:00 Denver,112.23780059814453
2021-12-04T05:34:00-07:00 Denver,111.72979888916015
2021-12-04T05:35:00-07:00 Denver,111.21459884643555
2021-12-04T05:36:00-07:00 Denver,110.19740036010742
2021-12-04T05:37:00-07:00 Denver,108.83819900512695
2021-12-04T05:38:00-07:00 Denver,106.98399871826172
2021-12-04T05:39:00-07:00 Denver,105.38360168457031
2021-12-04T05:40:00-07:00 Denver,103.86060104370117
2021-12-04T05:41:00-07:00 Denver,103.84739883422851
2021-12-04T05:42:00-07:00 Denver,104.05560165405274
2021-12-04T05:43:00-07:00 Denver,104.2097998046875
2021-12-04T05:44:00-07:00 Denver,104.82479812622071
2021-12-04T05:45:00-07:00 Denver,106.5989990234375
2021-12-04T05:46:00-07:00 Denver,108.54399841308594
2021-12-04T05:47:00-07:00 Denver,109.66820083618165
2021-12-04T05:48:00-07:00 Denver,110.4431982421875
2021-12-04T05:49:00-07:00 Denver,111.78340026855469
2021-12-04T05:50:00-07:00 Denver,113.28199996948243
2021-12-04T05:51:00-07:00 Denver,112.01260131835937
2021-12-04T05:52:00-07:00 Denver,110.02320144653319
2021-12-04T05:53:00-07:00 Denver,107.97619964599609
2021-12-04T05:54:00-07:00 Denver,106.09659820556641
2021-12-04T05:55:00-07:00 Denver,104.25660095214843
2021-12-04T05:56:00-07:00 Denver,105.27639846801758
2021-12-04T05:57:00-07:00 Denver,106.48880004882812
2021-12-04T05:58:00-07:00 Denver,107.8613998413086
2021-12-04T05:59:00-07:00 Denver,109.28619995117188
2021-12-04T06:00:00-07:00 Denver,110.7506004333496
2021-12-04T06:01:00-07:00 Denver,110.36999954223633
2021-12-04T06:02:00-07:00 Denver,110.8048016357422
2021-12-04T06:03:00-07:00 Denver,110.98219940185547
2021-12-04T06:04:00-07:00 Denver,110.63220001220702
2021-12-04T06:05:00-07:00 Denver,110.03920059204101
2021-12-04T06:06:00-07:00 Denver,111.10560028076172
2021-12-04T06:07:00-07:00 Denver,112.08199981689454
2021-12-04T06:08:00-07:00 Denver,112.75239959716798
2021-12-04T06:09:00-07:00 Denver,113.14380004882813
2021-12-04T06:10:00-07:00 Denver,113.98340072631837
2021-12-04T06:11:00-07:00 Denver,112.75499954223633
2021-12-04T06:12:00-07:00 Denver,110.86060180664063
2021-12-04T06:13:00-07:00 Denver,108.85100021362305
2021-12-04T06:14:00-07:00 Denver,107.12219848632813
2021-12-04T06:15:00-07:00 Denver,105.55719985961915
2021-12-04T06:16:00-07:00 Denver,105.48139831542969
2021-12-04T06:17:00-07:00 Denver,105.4848013305664
2021-12-04T06:18:00-07:00 Denver,105.6448014831543
2021-12-04T06:19:00-07:00 Denver,105.83179824829102
2021-12-04T06:20:00-07:00 Denver,106.20959854125977
2021-12-04T06:21:00-07:00 Denver,107.69460128784179
2021-12-04T06:22:00-07:00 Denver,108.7925991821289
2021-12-04T06:23:00-07:00 Denver,109.42259857177734
2021-12-04T06:24:00-07:00 Denver,109.91759963989259
2021-12-04T06:25:00-07:00 Denver,110.67000122070313
2021-12-04T06:26:00-07:00 Denver,109.54239974975586
2021-12-04T06:27:00-07:00 Denver,108.98900177001953
2021-12-04T06:28:00-07:00 Denver,108.11519973754882
2021-12-04T06:29:00-07:00 Denver,106.81840118408203
2021-12-04T06:30:00-07:00 Denver,105.61339950561523
2021-12-04T06:31:00-07:00 Denver,107.08499862670898
2021-12-04T06:32:00-07:00 Denver,108.27220062255859
2021-12-04T06:33:00-07:00 Denver,109.28660064697264
2021-12-04T06:34:00-07:00 Denver,110.18940170288084
2021-12-04T06:35:00-07:00 Denver,111.42880020141601
2021-12-04T06:36:00-07:00 Denver,110.15399978637694
2021-12-04T06:37:00-07:00 Denver,108.68120132446288
2021-12-04T06:38:00-07:00 Denver,107.21380065917968
2021-12-04T06:39:00-07:00 Denver,105.92640029907227
2021-12-04T06:40:00-07:00 Denver,104.76319885253906
2021-12-04T06:41:00-07:00 Denver,105.11040115356445
2021-12-04T06:42:00-07:00 Denver,105.64300155639648
2021-12-04T06:43:00-07:00 Denver,105.7957992553711
2021-12-04T06:44:00-07:00 Denver,105.78300094604492
2021-12-04T06:45:00-07:00 Denver,105.62799835205078
2021-12-04T06:46:00-07:00 Denver,106.28840133666992
2021-12-04T06:47:00-07:00 Denver,107.06760162353515
2021-12-04T06:48:00-07:00 Denver,107.90259948730468
2021-12-04T06:49:00-07:00 Denver,108.82940185546875
2021-12-04T06:50:00-07:00 Denver,110.23403567671775
2021-12-04T06:51:00-07:00 Denver,109.98452242612838
2021-12-04T06:52:00-07:00 Denver,109.24382340908049
2021-12-04T06:53:00-07:00 Denver,108.67264263629912
2021-12-04T06:54:00-07:00 Denver,108.12405700683593
2021-12-04T06:55:00-07:00 Denver,107.4707818031311
2021-12-04T06:56:00-07:00 Denver,107.51363362312316
2021-12-04T06:57:00-07:00 Denver,106.9647114086151
2021-12-04T06:58:00-07:00 Denver,106.47216531753539
2021-12-04T06:59:00-07:00 Denver,106.18813363075255
2021-12-04T07:00:00-07:00 Denver,106.24248089790343
2021-12-04T07:01:00-07:00 Denver,107.2099247932434
2021-12-04T07:02:00-07:00 Denver,108.27817449569702
2021-12-04T07:03:00-07:00 Denver,109.3293650627136
2021-12-04T07:04:00-07:00 Denver,110.27270283699036
2021-12-04T07:05:00-07:00 Denver,111.0676993370056
2021-12-04T07:06:00-07:00 Denver,111.86716903686522
2021-12-04T07:07:00-07:00 Denver,112.56698272705079
2021-12-04T07:08:00-07:00 Denver,113.10716554641724
2021-12-04T07:09:00-07:00 Denver,113.25933834075927
2021-12-04T07:10:00-07:00 Denver,113.48893270492553
2021-12-04T07:11:00-07:00 Denver,113.23429220199584
2021-12-04T07:12:00-07:00 Denver,112.77340427398681
2021-12-04T07:13:00-07:00 Denver,111.8664087677002
2021-12-04T07:14:00-07:00 Denver,111.22267066955567
2021-12-04T07:15:00-07:00 Denver,111.12825870513916
2021-12-04T07:16:00-07:00 Denver,109.53283760070802
2021-12-04T07:17:00-07:00 Denver,107.91745265960695
2021-12-04T07:18:00-07:00 Denver,106.19036136627197
2021-12-04T07:19:00-07:00 Denver,104.51515396118164
2021-12-04T07:20:00-07:00 Denver,102.80902633666992
2021-12-04T07:21:00-07:00 Denver,103.78620513916016
2021-12-04T07:22:00-07:00 Denver,104.831224899292
2021-12-04T07:23:00-07:00 Denver,105.91842376708985
2021-12-04T07:24:00-07:00 Denver,107.29120841979982
2021-12-04T07:25:00-07:00 Denver,108.967329788208
2021-12-04T07:26:00-07:00 Denver,108.71124465942383
2021-12-04T07:27:00-07:00 Denver,108.29724212646485
2021-12-04T07:28:00-07:00 Denver,107.78069824218751
2021-12-04T07:29:00-07:00 Denver,107.07937156677247
2021-12-04T07:30:00-07:00 Denver,106.25607147216796
2021-12-04T07:31:00-07:00 Denver,105.89032241821288
2021-12-04T07:32:00-07:00 Denver,105.50927261352538
2021-12-04T07:33:00-07:00 Denver,105.08990264892577
2021-12-04T07:34:00-07:00 Denver,104.67149169921876
2021-12-04T07:35:00-07:00 Denver,104.31006927490235
2021-12-04T07:36:00-07:00 Denver,104.84103713989258
2021-12-04T07:37:00-07:00 Denver,105.13485214233398
2021-12-04T07:38:00-07:00 Denver,104.93542831420898
2021-12-04T07:39:00-07:00 Denver,104.78688186645508
2021-12-04T07:40:00-07:00 Denver,105.01770706176758
2021-12-04T07:41:00-07:00 Denver,102.78675216674804
2021-12-04T07:42:00-07:00 Denver,100.445291595459
2021-12-04T07:43:00-07:00 Denver,98.0827410888672
2021-12-04T07:44:00-07:00 Denver,96.01177993774415
2021-12-04T07:45:00-07:00 Denver,94.15393905639648
2021-12-04T07:46:00-07:00 Denver,94.16105819702149
2021-12-04T07:47:00-07:00 Denver,93.90567962646485
2021-12-04T07:48:00-07:00 Denver,93.81665161132813
2021-12-04T07:49:00-07:00 Denver,93.56559204101563
2021-12-04T07:50:00-07:00 Denver,93.05833892822265
2021-12-04T07:51:00-07:00 Denver,92.66593963623046
2021-12-04T07:52:00-07:00 Denver,93.05385040283204
2021-12-04T07:53:00-07:00 Denver,92.66223922729493
2021-12-04T07:54:00-07:00 Denver,91.69153106689454
2021-12-04T07:55:00-07:00 Denver,91.25926971435547
2021-12-04T07:56:00-07:00 Denver,89.51432052612304
2021-12-04T07:57:00-07:00 Denver,87.80999786376952
2021-12-04T07:58:00-07:00 Denver,86.52842147827148
2021-12-04T07:59:00-07:00 Denver,85.03131088256836
2021-12-04T08:00:00-07:00 Denver,83.40493774414062
2021-12-04T08:01:00-07:00 Denver,84.11808713785808
2021-12-04T08:02:00-07:00 Denver,84.87846324666342
2021-12-04T08:03:00-07:00 Denver,85.91566049194336
2021-12-04T08:04:00-07:00 Denver,87.1236066385905
2021-12-04T08:05:00-07:00 Denver,88.79597081502278
2021-12-04T08:06:00-07:00 Denver,88.1953511352539
2021-12-04T08:07:00-07:00 Denver,87.19534562174479
2021-12-04T08:08:00-07:00 Denver,85.41007246907552
2021-12-04T08:09:00-07:00 Denver,83.71446072387695
2021-12-04T08:10:00-07:00 Denver,82.61633433024089
2021-12-04T08:11:00-07:00 Denver,83.38764244588216
2021-12-04T08:12:00-07:00 Denver,84.110739654541
2021-12-04T08:13:00-07:00 Denver,84.55105564371743
2021-12-04T08:14:00-07:00 Denver,85.02777223714192
2021-12-04T08:15:00-07:00 Denver,85.23183944702149
2021-12-04T08:16:00-07:00 Denver,84.36214475504556
2021-12-04T08:17:00-07:00 Denver,83.81379329427084
2021-12-04T08:18:00-07:00 Denver,83.88813165283203
2021-12-04T08:19:00-07:00 Denver,83.93863730875651
2021-12-04T08:20:00-07:00 Denver,84.51900212605794
2021-12-04T08:21:00-07:00 Denver,85.17833071899415
2021-12-04T08:22:00-07:00 Denver,85.06667618815104
2021-12-04T08:23:00-07:00 Denver,84.95214537556967
2021-12-04T08:24:00-07:00 Denver,85.19367153930665
2021-12-04T08:25:00-07:00 Denver,85.50919596354166
2021-12-04T08:26:00-07:00 Denver,85.58942247517905
2021-12-04T08:27:00-07:00 Denver,84.6597094116211
2021-12-04T08:28:00-07:00 Denver,85.38400712076822
2021-12-04T08:29:00-07:00 Denver,86.47433189900717
2021-12-04T08:30:00-07:00 Denver,87.0928205871582
2021-12-04T08:31:00-07:00 Denver,86.26648594156902
2021-12-04T08:32:00-07:00 Denver,85.99530342610679
2021-12-04T08:33:00-07:00 Denver,85.53195019531252
2021-12-04T08:34:00-07:00 Denver,85.05382645670574
2021-12-04T08:35:00-07:00 Denver,84.64562306722007
2021-12-04T08:36:00-07:00 Denver,85.00628979492188
2021-12-04T08:37:00-07:00 Denver,84.32460727945966
2021-12-04T08:38:00-07:00 Denver,83.99246394856772
2021-12-04T08:39:00-07:00 Denver,84.35675006103514
2021-12-04T08:40:00-07:00 Denver,84.36799662272135
2021-12-04T08:41:00-07:00 Denver,86.50341328938802
2021-12-04T08:42:00-07:00 Denver,88.82956024169921
2021-12-04T08:43:00-07:00 Denver,90.80348704020182
2021-12-04T08:44:00-07:00 Denver,93.06168355305991
2021-12-04T08:45:00-07:00 Denver,95.71482025146484
2021-12-04T08:46:00-07:00 Denver,93.66609672037761
2021-12-04T08:47:00-07:00 Denver,90.62555342610678
2021-12-04T08:48:00-07:00 Denver,88.71420935058595
2021-12-04T08:49:00-07:00 Denver,87.68406644694012
2021-12-04T08:50:00-07:00 Denver,87.48927357991538
2021-12-04T08:51:00-07:00 Denver,88.48315045166015
2021-12-04T08:52:00-07:00 Denver,88.50617618815104
2021-12-04T08:53:00-07:00 Denver,90.90124248250326
2021-12-04T08:54:00-07:00 Denver,93.08901126098634
2021-12-04T08:55:00-07:00 Denver,94.33556528727213
2021-12-04T08:56:00-07:00 Denver,94.82673235066731
2021-12-04T08:57:00-07:00 Denver,94.82054986572265
2021-12-04T08:58:00-07:00 Denver,93.45484665934245
2021-12-04T08:59:00-07:00 Denver,92.32593086751302
2021-12-04T09:00:00-07:00 Denver,91.9078793334961
2021-12-04T09:01:00-07:00 Denver,92.4863041788737
2021-12-04T09:02:00-07:00 Denver,93.06534395345052
2021-12-04T09:03:00-07:00 Denver,92.76980181884767
2021-12-04T09:04:00-07:00 Denver,92.42022449747721
2021-12-04T09:05:00-07:00 Denver,91.98507207234701
2021-12-04T09:06:00-07:00 Denver,93.79928991699218
2021-12-04T09:07:00-07:00 Denver,95.4390151163737
2021-12-04T09:08:00-07:00 Denver,96.77245522054035
2021-12-04T09:09:00-07:00 Denver,97.91208047485351
2021-12-04T09:10:00-07:00 Denver,98.56783732096355
2021-12-04T09:11:00-07:00 Denver,97.8241448872884
2021-12-04T09:12:00-07:00 Denver,97.85589038085938
2021-12-04T09:13:00-07:00 Denver,97.68826682535807
2021-12-04T09:14:00-07:00 Denver,96.71167262776693
2021-12-04T09:15:00-07:00 Denver,92.28211975097656
2021-12-04T09:16:00-07:00 Denver,86.259086710612
2021-12-04T09:17:00-07:00 Denver,84.4905733235677
2021-12-04T09:18:00-07:00 Denver,88.91942932128907
2021-12-04T09:19:00-07:00 Denver,85.62222635904949
2021-12-04T09:20:00-07:00 Denver,86.12004292805992
2021-12-04T09:21:00-07:00 Denver,90.63542028808595
2021-12-04T09:22:00-07:00 Denver,90.86988639322917
2021-12-04T09:23:00-07:00 Denver,91.45035316975911
2021-12-04T09:24:00-07:00 Denver,91.26448999023438
2021-12-04T09:25:00-07:00 Denver,88.81230600992836
2021-12-04T09:26:00-07:00 Denver,88.9581736043294
2021-12-04T09:27:00-07:00 Denver,88.5215094604492
2021-12-04T09:28:00-07:00 Denver,88.98569675699868
2021-12-04T09:29:00-07:00 Denver,90.78918306477864
2021-12-04T09:30:00-07:00 Denver,91.66688049316406
2021-12-04T09:31:00-07:00 Denver,91.01759720865884
2021-12-04T09:32:00-07:00 Denver,89.56271394856772
2021-12-04T09:33:00-07:00 Denver,88.06983020019531
2021-12-04T09:34:00-07:00 Denver,80.30991764322917
2021-12-04T09:35:00-07:00 Denver,76.01643269856771
2021-12-04T09:36:00-07:00 Denver,72.45238037109374
2021-12-04T09:37:00-07:00 Denver,73.00374552408854
2021-12-04T09:38:00-07:00 Denver,72.77633260091145
2021-12-04T09:39:00-07:00 Denver,72.44544067382812
2021-12-04T09:40:00-07:00 Denver,77.43177591959633
2021-12-04T09:41:00-07:00 Denver,81.22248457845052
2021-12-04T09:42:00-07:00 Denver,77.77734118652343
2021-12-04T09:43:00-07:00 Denver,77.46668570963541
2021-12-04T09:44:00-07:00 Denver,79.02486263020835
2021-12-04T09:45:00-07:00 Denver,78.46525085449221
2021-12-04T09:46:00-07:00 Denver,86.45711576334635
2021-12-04T09:47:00-07:00 Denver,87.24662471516928
2021-12-04T09:48:00-07:00 Denver,82.90632104492188
2021-12-04T09:49:00-07:00 Denver,82.5975664469401
2021-12-04T09:50:00-07:00 Denver,81.49200398763021
2021-12-04T09:51:00-07:00 Denver,76.56740026855469
2021-12-04T09:52:00-07:00 Denver,73.71994803873699
2021-12-04T09:53:00-07:00 Denver,71.80374275716146
2021-12-04T09:54:00-07:00 Denver,71.25889978027342
2021-12-04T09:55:00-07:00 Denver,73.17568705240885
2021-12-04T09:56:00-07:00 Denver,75.17510420735678
2021-12-04T09:57:00-07:00 Denver,78.72074938964845
2021-12-04T09:58:00-07:00 Denver,85.94501700846357
2021-12-04T09:59:00-07:00 Denver,84.95667476399741
2021-12-04T10:00:00-07:00 Denver,82.41438049316407
2021-12-04T10:01:00-07:00 Denver,79.65879728190106
2021-12-04T10:02:00-07:00 Denver,80.41173457845053
2021-12-04T10:03:00-07:00 Denver,77.66842858886719
2021-12-04T10:04:00-07:00 Denver,73.82815604654948
2021-12-04T10:05:00-07:00 Denver,71.75767415364584
2021-12-04T10:06:00-07:00 Denver,72.28836059570312
2021-12-04T10:07:00-07:00 Denver,72.63813578287761
2021-12-04T10:08:00-07:00 Denver,74.35014241536459
2021-12-04T10:09:00-07:00 Denver,74.91260986328123
2021-12-04T10:10:00-07:00 Denver,77.97712809244791
2021-12-04T10:11:00-07:00 Denver,76.04673299153646
2021-12-04T10:12:00-07:00 Denver,77.0257891845703
2021-12-04T10:13:00-07:00 Denver,76.79610514322917
2021-12-04T10:14:00-07:00 Denver,77.44563252766929
2021-12-04T10:15:00-07:00 Denver,78.26330871582032
2021-12-04T10:16:00-07:00 Denver,77.02916785685221
2021-12-04T10:17:00-07:00 Denver,75.69403212483725
2021-12-04T10:18:00-07:00 Denver,75.47292227172852
2021-12-04T10:19:00-07:00 Denver,73.87520643107095
2021-12-04T10:20:00-07:00 Denver,71.9431224568685
2021-12-04T10:21:00-07:00 Denver,74.2093616027832
2021-12-04T10:22:00-07:00 Denver,79.52020752970377
2021-12-04T10:23:00-07:00 Denver,81.71843291219074
2021-12-04T10:24:00-07:00 Denver,81.04242733764647
2021-12-04T10:25:00-07:00 Denver,81.98565699259441
2021-12-04T10:26:00-07:00 Denver,80.35333257039387
2021-12-04T10:27:00-07:00 Denver,78.97154983520508
2021-12-04T10:28:00-07:00 Denver,77.81735575358074
2021-12-04T10:29:00-07:00 Denver,76.77409459431966
2021-12-04T10:30:00-07:00 Denver,75.6575080871582
2021-12-04T10:31:00-07:00 Denver,77.14252924601237
2021-12-04T10:32:00-07:00 Denver,78.63357381184895
2021-12-04T10:33:00-07:00 Denver,80.5827001953125
2021-12-04T10:34:00-07:00 Denver,82.52066630045576
2021-12-04T10:35:00-07:00 Denver,84.4529042561849
2021-12-04T10:36:00-07:00 Denver,83.34670959472658
2021-12-04T10:37:00-07:00 Denver,82.23144816080728
2021-12-04T10:38:00-07:00 Denver,81.20086385091145
2021-12-04T10:39:00-07:00 Denver,80.35686096191407
2021-12-04T10:40:00-07:00 Denver,79.38654581705728
2021-12-04T10:41:00-07:00 Denver,79.79933272298177
2021-12-04T10:42:00-07:00 Denver,80.48017993164063
2021-12-04T10:43:00-07:00 Denver,81.24309806315104
2021-12-04T10:44:00-07:00 Denver,82.05395320638021
2021-12-04T10:45:00-07:00 Denver,82.8213513183594
2021-12-04T10:46:00-07:00 Denver,82.53172684733073
2021-12-04T10:47:00-07:00 Denver,82.25316194661458
2021-12-04T10:48:00-07:00 Denver,81.9859587402344
2021-12-04T10:49:00-07:00 Denver,81.74060611979166
2021-12-04T10:50:00-07:00 Denver,81.46988423665366
2021-12-04T10:51:00-07:00 Denver,82.63757934570313
2021-12-04T10:52:00-07:00 Denver,83.8292460123698
2021-12-04T10:53:00-07:00 Denver,85.00463460286457
2021-12-04T10:54:00-07:00 Denver,86.16512145996094
2021-12-04T10:55:00-07:00 Denver,87.3623270670573
2021-12-04T10:56:00-07:00 Denver,88.47553206380206
2021-12-04T10:57:00-07:00 Denver,89.61264147949217
2021-12-04T10:58:00-07:00 Denver,90.76655692545572
2021-12-04T10:59:00-07:00 Denver,91.93828243001303
2021-12-04T11:00:00-07:00 Denver,93.03137023925783
2021-12-04T11:01:00-07:00 Denver,91.00340580240885
2021-12-04T11:02:00-07:00 Denver,89.01055183919271
2021-12-04T11:03:00-07:00 Denver,87.03345104980468
2021-12-04T11:04:00-07:00 Denver,85.08330643717449
2021-12-04T11:05:00-07:00 Denver,83.0006941731771
2021-12-04T11:06:00-07:00 Denver,82.206359375
2021-12-04T11:07:00-07:00 Denver,81.41957767740885
2021-12-04T11:08:00-07:00 Denver,80.6068926595052
2021-12-04T11:09:00-07:00 Denver,79.73911120605469
2021-12-04T11:10:00-07:00 Denver,78.90325724283852
2021-12-04T11:11:00-07:00 Denver,79.33158296712237
2021-12-04T11:12:00-07:00 Denver,79.75887109374997
2021-12-04T11:13:00-07:00 Denver,80.20096634928385
2021-12-04T11:14:00-07:00 Denver,80.6869336751302
2021-12-04T11:15:00-07:00 Denver,81.19346069335938
2021-12-04T11:16:00-07:00 Denver,82.05564725748698
2021-12-04T11:17:00-07:00 Denver,82.94406368001303
2021-12-04T11:18:00-07:00 Denver,83.90337854003909
2021-12-04T11:19:00-07:00 Denver,84.79423636881509
2021-12-04T11:20:00-07:00 Denver,85.71535237630208
2021-12-04T11:21:00-07:00 Denver,83.96906848144532
2021-12-04T11:22:00-07:00 Denver,82.19586808268227
2021-12-04T11:23:00-07:00 Denver,80.40550459798176
2021-12-04T11:24:00-07:00 Denver,78.68788281249999
2021-12-04T11:25:00-07:00 Denver,76.91604731241861
2021-12-04T11:26:00-07:00 Denver,78.70867400105794
2021-12-04T11:27:00-07:00 Denver,80.5348433227539
2021-12-04T11:28:00-07:00 Denver,82.39978904215494
2021-12-04T11:29:00-07:00 Denver,84.09604503377278
2021-12-04T11:30:00-07:00 Denver,85.69831985473634
2021-12-04T11:31:00-07:00 Denver,84.20411481730144
2021-12-04T11:32:00-07:00 Denver,82.42968211873375
2021-12-04T11:33:00-07:00 Denver,80.8319622192383
2021-12-04T11:34:00-07:00 Denver,79.05535590616861
2021-12-04T11:35:00-07:00 Denver,77.43342564900716
2021-12-04T11:36:00-07:00 Denver,78.4232805480957
2021-12-04T11:37:00-07:00 Denver,79.4968260904948
2021-12-04T11:38:00-07:00 Denver,80.61577187093097
2021-12-04T11:39:00-07:00 Denver,81.69024896240234
2021-12-04T11:40:00-07:00 Denver,82.97934626261392
2021-12-04T11:41:00-07:00 Denver,82.85405333455402
2021-12-04T11:42:00-07:00 Denver,82.58253009033201
2021-12-04T11:43:00-07:00 Denver,82.39924613444009
2021-12-04T11:44:00-07:00 Denver,82.21873241170246
2021-12-04T11:45:00-07:00 Denver,82.01539077758788
2021-12-04T11:46:00-07:00 Denver,83.45163749186196
2021-12-04T11:47:00-07:00 Denver,84.42586256917316
2021-12-04T11:48:00-07:00 Denver,85.40048056030274
2021-12-04T11:49:00-07:00 Denver,86.75529722086588
2021-12-04T11:50:00-07:00 Denver,87.95920369466145
2021-12-04T11:51:00-07:00 Denver,87.13897988891603
2021-12-04T11:52:00-07:00 Denver,86.70382993570962
2021-12-04T11:53:00-07:00 Denver,86.21520250447591
2021-12-04T11:54:00-07:00 Denver,85.56075094604493
2021-12-04T11:55:00-07:00 Denver,84.84266642252604
2021-12-04T11:56:00-07:00 Denver,89.17158403523764
2021-12-04T11:57:00-07:00 Denver,93.15578042602542
2021-12-04T11:58:00-07:00 Denver,96.85576432291666
2021-12-04T11:59:00-07:00 Denver,101.02021507771812
2021-12-04T12:00:00-07:00 Denver,105.51559158325196
2021-12-04T12:01:00-07:00 Denver,103.29695633951823
2021-12-04T12:02:00-07:00 Denver,100.72818376668295
2021-12-04T12:03:00-07:00 Denver,98.02306857299803
2021-12-04T12:04:00-07:00 Denver,95.70912769571942
2021-12-04T12:05:00-07:00 Denver,93.4696458943685
2021-12-04T12:06:00-07:00 Denver,94.43213980102537
2021-12-04T12:07:00-07:00 Denver,94.66898444620767
2021-12-04T12:08:00-07:00 Denver,94.65690254720049
2021-12-04T12:09:00-07:00 Denver,94.67549768066405
2021-12-04T12:10:00-07:00 Denver,95.62732798258463
2021-12-04T12:11:00-07:00 Denver,98.09951289876304
2021-12-04T12:12:00-07:00 Denver,100.61306134033202
2021-12-04T12:13:00-07:00 Denver,102.79735563151041
2021-12-04T12:14:00-07:00 Denver,104.99799361165364
2021-12-04T12:15:00-07:00 Denver,107.20449096679685
2021-12-04T12:16:00-07:00 Denver,103.10455796305338
2021-12-04T12:17:00-07:00 Denver,98.82142183430992
2021-12-04T12:18:00-07:00 Denver,95.12972857666017
2021-12-04T12:19:00-07:00 Denver,91.71701633707684
2021-12-04T12:20:00-07:00 Denver,88.15029103597006
2021-12-04T12:21:00-07:00 Denver,87.95420932006837
2021-12-04T12:22:00-07:00 Denver,87.84313813273113
2021-12-04T12:23:00-07:00 Denver,87.47871458943686
2021-12-04T12:24:00-07:00 Denver,87.11316876220704
2021-12-04T12:25:00-07:00 Denver,86.87709757486977
2021-12-04T12:26:00-07:00 Denver,91.74440559895831
2021-12-04T12:27:00-07:00 Denver,96.77651998901366
2021-12-04T12:28:00-07:00 Denver,101.56653766886393
2021-12-04T12:29:00-07:00 Denver,106.33959138997395
2021-12-04T12:30:00-07:00 Denver,111.15757690429686
2021-12-04T12:31:00-07:00 Denver,108.70383002726237
2021-12-04T12:32:00-07:00 Denver,106.16258315022787
2021-12-04T12:33:00-07:00 Denver,104.15123129272463
2021-12-04T12:34:00-07:00 Denver,102.0451261698405
2021-12-04T12:35:00-07:00 Denver,99.88882268269859
2021-12-04T12:36:00-07:00 Denver,99.64960229492189
2021-12-04T12:37:00-07:00 Denver,99.04774381510418
2021-12-04T12:38:00-07:00 Denver,98.18583284505209
2021-12-04T12:39:00-07:00 Denver,97.71212988281252
2021-12-04T12:40:00-07:00 Denver,97.47722544352214
2021-12-04T12:41:00-07:00 Denver,98.45202275594076
2021-12-04T12:42:00-07:00 Denver,99.17507064819335
2021-12-04T12:43:00-07:00 Denver,99.75558542887369
2021-12-04T12:44:00-07:00 Denver,100.41955510457355
2021-12-04T12:45:00-07:00 Denver,101.14302185058594
2021-12-04T12:46:00-07:00 Denver,101.7875890604655
2021-12-04T12:47:00-07:00 Denver,102.53713292439781
2021-12-04T12:48:00-07:00 Denver,103.18299942016601
2021-12-04T12:49:00-07:00 Denver,103.88182688395183
2021-12-04T12:50:00-07:00 Denver,104.33882619222007
2021-12-04T12:51:00-07:00 Denver,103.67719128417971
2021-12-04T12:52:00-07:00 Denver,102.78362430826826
2021-12-04T12:53:00-07:00 Denver,102.16038356526694
2021-12-04T12:54:00-07:00 Denver,101.28873126220705
2021-12-04T12:55:00-07:00 Denver,100.02784403483074
2021-12-04T12:56:00-07:00 Denver,102.4541776936849
2021-12-04T12:57:00-07:00 Denver,104.94171740722656
2021-12-04T12:58:00-07:00 Denver,107.20082770792644
2021-12-04T12:59:00-07:00 Denver,109.29027400716146
2021-12-04T13:00:00-07:00 Denver,112.2512107849121
2021-12-04T13:01:00-07:00 Denver,111.77601161702472
2021-12-04T13:02:00-07:00 Denver,110.60933600870766
2021-12-04T13:03:00-07:00 Denver,109.4647391052246
2021-12-04T13:04:00-07:00 Denver,108.22069228108722
2021-12-04T13:05:00-07:00 Denver,107.02362574259439
2021-12-04T13:06:00-07:00 Denver,108.24691998291014
2021-12-04T13:07:00-07:00 Denver,109.95240187581376
2021-12-04T13:08:00-07:00 Denver,111.6817790323893
2021-12-04T13:09:00-07:00 Denver,113.33494158935548
2021-12-04T13:10:00-07:00 Denver,114.84594411214194
2021-12-04T13:11:00-07:00 Denver,114.22882908121744
2021-12-04T13:12:00-07:00 Denver,113.35213305664064
2021-12-04T13:13:00-07:00 Denver,112.15885225423179
2021-12-04T13:14:00-07:00 Denver,111.29901566569009
2021-12-04T13:15:00-07:00 Denver,110.45832733154293
2021-12-04T13:16:00-07:00 Denver,112.7787118733724
2021-12-04T13:17:00-07:00 Denver,115.20066349283854
2021-12-04T13:18:00-07:00 Denver,117.82697607421878
2021-12-04T13:19:00-07:00 Denver,120.85770607503257
2021-12-04T13:20:00-07:00 Denver,123.80169443766277
2021-12-04T13:21:00-07:00 Denver,118.46814581298828
2021-12-04T13:22:00-07:00 Denver,113.02295930989581
2021-12-04T13:23:00-07:00 Denver,107.41530790201823
2021-12-04T13:24:00-07:00 Denver,101.40845605468752
2021-12-04T13:25:00-07:00 Denver,95.33163350423176
2021-12-04T13:26:00-07:00 Denver,97.93426804606119
2021-12-04T13:27:00-07:00 Denver,100.79233929443357
2021-12-04T13:28:00-07:00 Denver,103.54770515950523
2021-12-04T13:29:00-07:00 Denver,106.01037235514323
2021-12-04T13:30:00-07:00 Denver,108.60866577148437
2021-12-04T13:31:00-07:00 Denver,107.34601698811849
2021-12-04T13:32:00-07:00 Denver,106.16862668863934
2021-12-04T13:33:00-07:00 Denver,104.88051708984375
2021-12-04T13:34:00-07:00 Denver,103.67296321614582
2021-12-04T13:35:00-07:00 Denver,102.81086985270181
2021-12-04T13:36:00-07:00 Denver,101.63452447509763
2021-12-04T13:37:00-07:00 Denver,100.27267647298177
2021-12-04T13:38:00-07:00 Denver,98.8508675333659
2021-12-04T13:39:00-07:00 Denver,97.2956143798828
2021-12-04T13:40:00-07:00 Denver,95.836564839681
2021-12-04T13:41:00-07:00 Denver,98.62590586344402
2021-12-04T13:42:00-07:00 Denver,101.60390960693358
2021-12-04T13:43:00-07:00 Denver,104.29907643636068
2021-12-04T13:44:00-07:00 Denver,107.05084726969403
2021-12-04T13:45:00-07:00 Denver,109.89856079101563
2021-12-04T13:46:00-07:00 Denver,108.87583217366537
2021-12-04T13:47:00-07:00 Denver,107.95314322916666
2021-12-04T13:48:00-07:00 Denver,107.33081134033202
2021-12-04T13:49:00-07:00 Denver,106.57203535970052
2021-12-04T13:50:00-07:00 Denver,105.63514506022136
2021-12-04T13:51:00-07:00 Denver,103.71993218994139
2021-12-04T13:52:00-07:00 Denver,101.9295331624349
2021-12-04T13:53:00-07:00 Denver,99.97082358805338
2021-12-04T13:54:00-07:00 Denver,98.34625097656247
2021-12-04T13:55:00-07:00 Denver,96.54130421956381
2021-12-04T13:56:00-07:00 Denver,100.4684852701823
2021-12-04T13:57:00-07:00 Denver,104.0274885253906
2021-12-04T13:58:00-07:00 Denver,107.87199287923177
2021-12-04T13:59:00-07:00 Denver,111.887703898112
2021-12-04T14:00:00-07:00 Denver,115.8720703125
2021-12-04T14:01:00-07:00 Denver,114.92950557454427
2021-12-04T14:02:00-07:00 Denver,114.05692069498696
2021-12-04T14:03:00-07:00 Denver,113.24546252441405
2021-12-04T14:04:00-07:00 Denver,112.37687392171223
2021-12-04T14:05:00-07:00 Denver,111.37442759195963
2021-12-04T14:06:00-07:00 Denver,110.5856437988281
2021-12-04T14:07:00-07:00 Denver,109.78415401204427
2021-12-04T14:08:00-07:00 Denver,109.37968265787762
2021-12-04T14:09:00-07:00 Denver,109.11206280517581
2021-12-04T14:10:00-07:00 Denver,108.75672170003257
2021-12-04T14:11:00-07:00 Denver,109.03584763590496
2021-12-04T14:12:00-07:00 Denver,109.39957897949219
2021-12-04T14:13:00-07:00 Denver,109.96492470296224
2021-12-04T14:14:00-07:00 Denver,110.34720615641277
2021-12-04T14:15:00-07:00 Denver,110.99969940185548
2021-12-04T14:16:00-07:00 Denver,113.67499666341146
2021-12-04T14:17:00-07:00 Denver,116.18398685709636
2021-12-04T14:18:00-07:00 Denver,118.64280615234375
2021-12-04T14:19:00-07:00 Denver,120.98401985677081
2021-12-04T14:20:00-07:00 Denver,123.44794626871743
2021-12-04T14:21:00-07:00 Denver,118.68258245849609
2021-12-04T14:22:00-07:00 Denver,113.91019655354818
2021-12-04T14:23:00-07:00 Denver,108.8134057413737
2021-12-04T14:24:00-07:00 Denver,103.82189752197264
2021-12-04T14:25:00-07:00 Denver,99.00439290364582
2021-12-04T14:26:00-07:00 Denver,99.89501810709638
2021-12-04T14:27:00-07:00 Denver,100.63124114990235
2021-12-04T14:28:00-07:00 Denver,101.33919118245443
2021-12-04T14:29:00-07:00 Denver,102.2791449991862
2021-12-04T14:30:00-07:00 Denver,103.25535522460936
2021-12-04T14:31:00-07:00 Denver,105.63815511067708
2021-12-04T14:32:00-07:00 Denver,108.16293039957681
2021-12-04T14:33:00-07:00 Denver,110.87506072998045
2021-12-04T14:34:00-07:00 Denver,113.7134148152669
2021-12-04T14:35:00-07:00 Denver,116.44851725260416
2021-12-04T14:36:00-07:00 Denver,115.46660687255859
2021-12-04T14:37:00-07:00 Denver,114.26769057210288
2021-12-04T14:38:00-07:00 Denver,112.76695084635416
2021-12-04T14:39:00-07:00 Denver,111.66847094726562
2021-12-04T14:40:00-07:00 Denver,110.80127156575521
2021-12-04T14:41:00-07:00 Denver,109.23841343180337
2021-12-04T14:42:00-07:00 Denver,107.36078936767578
2021-12-04T14:43:00-07:00 Denver,105.53968080647786
2021-12-04T14:44:00-07:00 Denver,103.6655571085612
2021-12-04T14:45:00-07:00 Denver,101.86723907470704
2021-12-04T14:46:00-07:00 Denver,104.9578648885091
2021-12-04T14:47:00-07:00 Denver,108.07626780192057
2021-12-04T14:48:00-07:00 Denver,111.37344879150392
2021-12-04T14:49:00-07:00 Denver,114.75612935384115
2021-12-04T14:50:00-07:00 Denver,118.20232767740885
2021-12-04T14:51:00-07:00 Denver,119.30364910888672
2021-12-04T14:52:00-07:00 Denver,120.39365614827474
2021-12-04T14:53:00-07:00 Denver,121.26422501627606
2021-12-04T14:54:00-07:00 Denver,121.799431640625
2021-12-04T14:55:00-07:00 Denver,122.21185536702475
2021-12-04T14:56:00-07:00 Denver,120.67010795084636
2021-12-04T14:57:00-07:00 Denver,119.11537835693358
2021-12-04T14:58:00-07:00 Denver,117.63124355061849
2021-12-04T14:59:00-07:00 Denver,116.5319262491862
2021-12-04T15:00:00-07:00 Denver,115.26679779052736
2021-12-04T15:01:00-07:00 Denver,115.82109560139975
2021-12-04T15:02:00-07:00 Denver,116.42420933024087
2021-12-04T15:03:00-07:00 Denver,116.87142095947266
2021-12-04T15:04:00-07:00 Denver,117.39736031087239
2021-12-04T15:05:00-07:00 Denver,117.79513498942056
2021-12-04T15:06:00-07:00 Denver,116.03102301025389
2021-12-04T15:07:00-07:00 Denver,114.20541353352866
2021-12-04T15:08:00-07:00 Denver,112.2127187906901
2021-12-04T15:09:00-07:00 Denver,110.42002252197265
2021-12-04T15:10:00-07:00 Denver,108.6305244954427
2021-12-04T15:11:00-07:00 Denver,110.85296677652994
2021-12-04T15:12:00-07:00 Denver,113.32786114501954
2021-12-04T15:13:00-07:00 Denver,115.80283180745442
2021-12-04T15:14:00-07:00 Denver,118.10842685953776
2021-12-04T15:15:00-07:00 Denver,120.59718688964843
2021-12-04T15:16:00-07:00 Denver,118.07662679036457
2021-12-04T15:17:00-07:00 Denver,115.53625925699869
2021-12-04T15:18:00-07:00 Denver,112.79865814208983
2021-12-04T15:19:00-07:00 Denver,110.10988210042316
2021-12-04T15:20:00-07:00 Denver,107.5031861368815
2021-12-04T15:21:00-07:00 Denver,110.8466231689453
2021-12-04T15:22:00-07:00 Denver,114.04064003499349
2021-12-04T15:23:00-07:00 Denver,117.28168448893227
2021-12-04T15:24:00-07:00 Denver,120.52022955322265
2021-12-04T15:25:00-07:00 Denver,123.65551228841147
2021-12-04T15:26:00-07:00 Denver,120.70334507242839
2021-12-04T15:27:00-07:00 Denver,117.73697344970702
2021-12-04T15:28:00-07:00 Denver,114.75400331624347
2021-12-04T15:29:00-07:00 Denver,111.849905863444
2021-12-04T15:30:00-07:00 Denver,108.95602722167968
2021-12-04T15:31:00-07:00 Denver,108.14381276448569
2021-12-04T15:32:00-07:00 Denver,107.3048939005534
2021-12-04T15:33:00-07:00 Denver,106.47618621826172
2021-12-04T15:34:00-07:00 Denver,105.57589497884115
2021-12-04T15:35:00-07:00 Denver,104.74776713053386
2021-12-04T15:36:00-07:00 Denver,106.12429272460938
2021-12-04T15:37:00-07:00 Denver,107.4830708211263
2021-12-04T15:38:00-07:00 Denver,108.80937821451823
2021-12-04T15:39:00-07:00 Denver,110.11697985839845
2021-12-04T15:40:00-07:00 Denver,111.35341145833333
2021-12-04T15:41:00-07:00 Denver,111.91810828653972
2021-12-04T15:42:00-07:00 Denver,112.5517000732422
2021-12-04T15:43:00-07:00 Denver,113.09891338094076
2021-12-04T15:44:00-07:00 Denver,113.52643598429361
2021-12-04T15:45:00-07:00 Denver,114.1352978515625
2021-12-04T15:46:00-07:00 Denver,114.14094441731771
2021-12-04T15:47:00-07:00 Denver,114.10580805460611
2021-12-04T15:48:00-07:00 Denver,113.9176985168457
2021-12-04T15:49:00-07:00 Denver,113.75988759358724
2021-12-04T15:50:00-07:00 Denver,113.73656382242838
2021-12-04T15:51:00-07:00 Denver,113.02499349975585
2021-12-04T15:52:00-07:00 Denver,112.3394310201009
2021-12-04T15:53:00-07:00 Denver,111.63569150797527
2021-12-04T15:54:00-07:00 Denver,111.11451959228516
2021-12-04T15:55:00-07:00 Denver,110.58757527669272
2021-12-04T15:56:00-07:00 Denver,112.16301508585612
2021-12-04T15:57:00-07:00 Denver,113.74783981323242
2021-12-04T15:58:00-07:00 Denver,115.28335194905598
2021-12-04T15:59:00-07:00 Denver,116.79301111857097
2021-12-04T16:00:00-07:00 Denver,118.30042037963868
2021-12-04T16:01:00-07:00 Denver,118.7404394124349
2021-12-04T16:02:00-07:00 Denver,119.24768256632487
2021-12-04T16:03:00-07:00 Denver,119.69533786010743
2021-12-04T16:04:00-07:00 Denver,120.07026404317223
2021-12-04T16:05:00-07:00 Denver,120.53179300944012
2021-12-04T16:06:00-07:00 Denver,120.52788671875001
2021-12-04T16:07:00-07:00 Denver,121.45940981038413
2021-12-04T16:08:00-07:00 Denver,122.76754842631023
2021-12-04T16:09:00-07:00 Denver,123.0852844390869
2021-12-04T16:10:00-07:00 Denver,122.49307648976644
2021-12-04T16:11:00-07:00 Denver,123.24411261240641
2021-12-04T16:12:00-07:00 Denver,123.94094284057616
2021-12-04T16:13:00-07:00 Denver,124.45523255666097
2021-12-04T16:14:00-07:00 Denver,124.95163477579754
2021-12-04T16:15:00-07:00 Denver,125.48806518554689
2021-12-04T16:16:00-07:00 Denver,123.69960951360066
2021-12-04T16:17:00-07:00 Denver,122.0970571047465
2021-12-04T16:18:00-07:00 Denver,120.55763669586182
2021-12-04T16:19:00-07:00 Denver,119.00294757970175
2021-12-04T16:20:00-07:00 Denver,117.46701599756878
2021-12-04T16:21:00-07:00 Denver,117.26517893600463
2021-12-04T16:22:00-07:00 Denver,117.11916253026327
2021-12-04T16:23:00-07:00 Denver,116.99146487299599
2021-12-04T16:24:00-07:00 Denver,116.82642991256714
2021-12-04T16:25:00-07:00 Denver,116.62091166814167
2021-12-04T16:26:00-07:00 Denver,115.61530758921305
2021-12-04T16:27:00-07:00 Denver,114.53279859352111
2021-12-04T16:28:00-07:00 Denver,113.5874970105489
2021-12-04T16:29:00-07:00 Denver,112.73594838396707
2021-12-04T16:30:00-07:00 Denver,111.8814750766754
2021-12-04T16:31:00-07:00 Denver,112.68518553288777
2021-12-04T16:32:00-07:00 Denver,113.48458905283611
2021-12-04T16:33:00-07:00 Denver,114.27897729492187
2021-12-04T16:34:00-07:00 Denver,115.07044991620383
2021-12-04T16:35:00-07:00 Denver,115.86750887552898
2021-12-04T16:36:00-07:00 Denver,115.41256080436706
2021-12-04T16:37:00-07:00 Denver,114.94861963208515
2021-12-04T16:38:00-07:00 Denver,114.48777027193704
2021-12-04T16:39:00-07:00 Denver,114.02026550483703
2021-12-04T16:40:00-07:00 Denver,113.5493084367116
2021-12-04T16:41:00-07:00 Denver,112.72472576586404
2021-12-04T16:42:00-07:00 Denver,111.90100950813292
2021-12-04T16:43:00-07:00 Denver,111.08330044492085
2021-12-04T16:44:00-07:00 Denver,110.25701216332118
2021-12-04T16:45:00-07:00 Denver,109.4354830980301
2021-12-04T16:46:00-07:00 Denver,110.75716253074009
2021-12-04T16:47:00-07:00 Denver,112.07750187222162
2021-12-04T16:48:00-07:00 Denver,113.39960810995102
2021-12-04T16:49:00-07:00 Denver,114.72745065100989
2021-12-04T16:50:00-07:00 Denver,116.06032028655213
2021-12-04T16:51:00-07:00 Denver,113.8985
2021-12-04T16:52:00-07:00 Denver,111.72033333333331
2021-12-04T16:53:00-07:00 Denver,109.54216666666666
2021-12-04T16:54:00-07:00 Denver,107.36399999999998
2021-12-04T16:55:00-07:00 Denver,105.18583333333332
2021-12-04T16:56:00-07:00 Denver,104.84066666666666
2021-12-04T16:57:00-07:00 Denver,104.49549999999999
2021-12-04T16:58:00-07:00 Denver,104.15033333333334
2021-12-04T16:59:00-07:00 Denver,103.80516666666668
2021-12-04T17:00:00-07:00 Denver,103.46000000000001
2021-12-04T17:01:00-07:00 Denver,104.45933333333335
2021-12-04T17:02:00-07:00 Denver,105.45866666666669
2021-12-04T17:03:00-07:00 Denver,106.45800000000003
2021-12-04T17:04:00-07:00 Denver,107.45733333333337
2021-12-04T17:05:00-07:00 Denver,108.45666666666668
2021-12-04T17:06:00-07:00 Denver,109.217
2021-12-04T17:07:00-07:00 Denver,109.97733333333333
2021-12-04T17:08:00-07:00 Denver,110.73766666666666
2021-12-04T17:09:00-07:00 Denver,111.49799999999998
2021-12-04T17:10:00-07:00 Denver,112.25833333333331
2021-12-04T17:11:00-07:00 Denver,111.72716666666665
2021-12-04T17:12:00-07:00 Denver,111.19599999999998
2021-12-04T17:13:00-07:00 Denver,110.66483333333332
2021-12-04T17:14:00-07:00 Denver,110.13366666666667
2021-12-04T17:15:00-07:00 Denver,109.6025
2021-12-04T17:16:00-07:00 Denver,108.69133333333335
2021-12-04T17:17:00-07:00 Denver,107.78016666666669
2021-12-04T17:18:00-07:00 Denver,106.86900000000001
2021-12-04T17:19:00-07:00 Denver,105.95783333333334
2021-12-04T17:20:00-07:00 Denver,105.04666666666668
2021-12-04T17:21:00-07:00 Denver,106.27900000000001
2021-12-04T17:22:00-07:00 Denver,107.51133333333334
2021-12-04T17:23:00-07:00 Denver,108.74366666666666
2021-12-04T17:24:00-07:00 Denver,109.97599999999997
2021-12-04T17:25:00-07:00 Denver,111.20833333333331
2021-12-04T17:26:00-07:00 Denver,109.13866666666665
2021-12-04T17:27:00-07:00 Denver,107.06899999999999
2021-12-04T17:28:00-07:00 Denver,104.99933333333333
2021-12-04T17:29:00-07:00 Denver,102.92966666666666
2021-12-04T17:30:00-07:00 Denver,100.86
2021-12-04T17:31:00-07:00 Denver,100.97133333333333
2021-12-04T17:32:00-07:00 Denver,101.08266666666667
2021-12-04T17:33:00-07:00 Denver,101.194
2021-12-04T17:34:00-07:00 Denver,101.30533333333335
2021-12-04T17:35:00-07:00 Denver,101.41666666666669
2021-12-04T17:36:00-07:00 Denver,101.994
2021-12-04T17:37:00-07:00 Denver,102.57133333333333
2021-12-04T17:38:00-07:00 Denver,103.14866666666666
2021-12-04T17:39:00-07:00 Denver,103.72599999999998
2021-12-04T17:40:00-07:00 Denver,104.30333333333333
2021-12-04T17:41:00-07:00 Denver,104.07766666666664
2021-12-04T17:42:00-07:00 Denver,103.85199999999999
2021-12-04T17:43:00-07:00 Denver,103.62633333333332
2021-12-04T17:44:00-07:00 Denver,103.40066666666665
2021-12-04T17:45:00-07:00 Denver,103.175
2021-12-04T17:46:00-07:00 Denver,102.18433333333333
2021-12-04T17:47:00-07:00 Denver,101.19366666666666
2021-12-04T17:48:00-07:00 Denver,100.203
2021-12-04T17:49:00-07:00 Denver,99.21233333333333
2021-12-04T17:50:00-07:00 Denver,98.22166666666666
2021-12-04T17:51:00-07:00 Denver,98.506
2021-12-04T17:52:00-07:00 Denver,98.79033333333334
2021-12-04T17:53:00-07:00 Denver,99.07466666666666
2021-12-04T17:54:00-07:00 Denver,99.359
2021-12-04T17:55:00-07:00 Denver,99.64333333333333
2021-12-04T17:56:00-07:00 Denver,98.72466666666666
2021-12-04T17:57:00-07:00 Denver,97.806
2021-12-04T17:58:00-07:00 Denver,96.88733333333333
2021-12-04T17:59:00-07:00 Denver,95.96866666666666
2021-12-04T18:00:00-07:00 Denver,95.05
2021-12-04T18:01:00-07:00 Denver,96.75
2021-12-04T18:02:00-07:00 Denver,98.45
2021-12-04T18:03:00-07:00 Denver,100.15
2021-12-04T18:04:00-07:00 Denver,101.85
2021-12-04T18:05:00-07:00 Denver,103.55
2021-12-04T18:06:00-07:00 Denver,103.24
2021-12-04T18:07:00-07:00 Denver,102.92999999999999
2021-12-04T18:08:00-07:00 Denver,102.61999999999999
2021-12-04T18:09:00-07:00 Denver,102.31
2021-12-04T18:10:00-07:00 Denver,102
2021-12-04T18:11:00-07:00 Denver,101.59
2021-12-04T18:12:00-07:00 Denver,101.18
2021-12-04T18:13:00-07:00 Denver,100.77000000000001
2021-12-04T18:14:00-07:00 Denver,100.36000000000001
2021-12-04T18:15:00-07:00 Denver,99.95
2021-12-04T18:16:00-07:00 Denver,99.97
2021-12-04T18:17:00-07:00 Denver,99.99
2021-12-04T18:18:00-07:00 Denver,100.00999999999999
2021-12-04T18:19:00-07:00 Denver,100.03
2021-12-04T18:20:00-07:00 Denver,100.05
2021-12-04T18:21:00-07:00 Denver,99.84
2021-12-04T18:22:00-07:00 Denver,99.63
2021-12-04T18:23:00-07:00 Denver,99.42
2021-12-04T18:24:00-07:00 Denver,99.21000000000001
2021-12-04T18:25:00-07:00 Denver,99
2021-12-04T18:26:00-07:00 Denver,99.62
2021-12-04T18:27:00-07:00 Denver,100.24000000000001
2021-12-04T18:28:00-07:00 Denver,100.86
2021-12-04T18:29:00-07:00 Denver,101.47999999999999
2021-12-04T18:30:00-07:00 Denver,102.1
2021-12-04T18:31:00-07:00 Denver,101.03999999999999
2021-12-04T18:32:00-07:00 Denver,99.97999999999999
2021-12-04T18:33:00-07:00 Denver,98.91999999999999
2021-12-04T18:34:00-07:00 Denver,97.85999999999999
2021-12-04T18:35:00-07:00 Denver,96.8
2021-12-04T18:36:00-07:00 Denver,97.59
2021-12-04T18:37:00-07:00 Denver,98.38
2021-12-04T18:38:00-07:00 Denver,99.17
2021-12-04T18:39:00-07:00 Denver,99.96000000000001
2021-12-04T18:40:00-07:00 Denver,100.75
2021-12-04T18:41:00-07:00 Denver,100.77
2021-12-04T18:42:00-07:00 Denver,100.78999999999999
2021-12-04T18:43:00-07:00 Denver,100.80999999999999
2021-12-04T18:44:00-07:00 Denver,100.82999999999998
2021-12-04T18:45:00-07:00 Denver,100.85
2021-12-04T18:46:00-07:00 Denver,101.07
2021-12-04T18:47:00-07:00 Denver,101.28999999999999
2021-12-04T18:48:00-07:00 Denver,101.50999999999999
2021-12-04T18:49:00-07:00 Denver,101.72999999999999
2021-12-04T18:50:00-07:00 Denver,101.95
2021-12-04T18:51:00-07:00 Denver,102.12
2021-12-04T18:52:00-07:00 Denver,102.29
2021-12-04T18:53:00-07:00 Denver,102.46000000000001
2021-12-04T18:54:00-07:00 Denver,102.63
2021-12-04T18:55:00-07:00 Denver,102.8
2021-12-04T18:56:00-07:00 Denver,102.61
2021-12-04T18:57:00-07:00 Denver,102.42
2021-12-04T18:58:00-07:00 Denver,102.23
2021-12-04T18:59:00-07:00 Denver,102.03999999999999
2021-12-04T19:00:00-07:00 Denver,101.85
2021-12-04T19:01:00-07:00 Denver,101.78
2021-12-04T19:02:00-07:00 Denver,101.71000000000001
2021-12-04T19:03:00-07:00 Denver,101.64
2021-12-04T19:04:00-07:00 Denver,101.57
2021-12-04T19:05:00-07:00 Denver,101.5
2021-12-04T19:06:00-07:00 Denver,101.29
2021-12-04T19:07:00-07:00 Denver,101.08000000000001
2021-12-04T19:08:00-07:00 Denver,100.87
2021-12-04T19:09:00-07:00 Denver,100.66
2021-12-04T19:10:00-07:00 Denver,100.45
2021-12-04T19:11:00-07:00 Denver,99.42
2021-12-04T19:12:00-07:00 Denver,98.39
2021-12-04T19:13:00-07:00 Denver,97.36
2021-12-04T19:14:00-07:00 Denver,96.33
2021-12-04T19:15:00-07:00 Denver,95.3
2021-12-04T19:16:00-07:00 Denver,96.38
2021-12-04T19:17:00-07:00 Denver,97.46
2021-12-04T19:18:00-07:00 Denver,98.53999999999999
2021-12-04T19:19:00-07:00 Denver,99.62
2021-12-04T19:20:00-07:00 Denver,100.7
2021-12-04T19:21:00-07:00 Denver,100.34
2021-12-04T19:22:00-07:00 Denver,99.98
2021-12-04T19:23:00-07:00 Denver,99.62
2021-12-04T19:24:00-07:00 Denver,99.26
2021-12-04T19:25:00-07:00 Denver,98.9
2021-12-04T19:26:00-07:00 Denver,99.44
2021-12-04T19:27:00-07:00 Denver,99.97999999999999
2021-12-04T19:28:00-07:00 Denver,100.52
2021-12-04T19:29:00-07:00 Denver,101.06
2021-12-04T19:30:00-07:00 Denver,101.6
2021-12-04T19:31:00-07:00 Denver,100.97
2021-12-04T19:32:00-07:00 Denver,100.34
2021-12-04T19:33:00-07:00 Denver,99.71000000000001
2021-12-04T19:34:00-07:00 Denver,99.08000000000001
2021-12-04T19:35:00-07:00 Denver,98.45
2021-12-04T19:36:00-07:00 Denver,98.96000000000001
2021-12-04T19:37:00-07:00 Denver,99.47
2021-12-04T19:38:00-07:00 Denver,99.98
2021-12-04T19:39:00-07:00 Denver,100.49000000000001
2021-12-04T19:40:00-07:00 Denver,101
2021-12-04T19:41:00-07:00 Denver,100.37
2021-12-04T19:42:00-07:00 Denver,99.74000000000001
2021-12-04T19:43:00-07:00 Denver,99.11
2021-12-04T19:44:00-07:00 Denver,98.47999999999999
2021-12-04T19:45:00-07:00 Denver,97.85
2021-12-04T19:46:00-07:00 Denver,98.39999999999999
2021-12-04T19:47:00-07:00 Denver,98.94999999999999
2021-12-04T19:48:00-07:00 Denver,99.49999999999999
2021-12-04T19:49:00-07:00 Denver,100.04999999999998
2021-12-04T19:50:00-07:00 Denver,100.6
2021-12-04T19:51:00-07:00 Denver,100.47999999999999
2021-12-04T19:52:00-07:00 Denver,100.35999999999999
2021-12-04T19:53:00-07:00 Denver,100.24
2021-12-04T19:54:00-07:00 Denver,100.11999999999999
2021-12-04T19:55:00-07:00 Denver,100
2021-12-04T19:56:00-07:00 Denver,100.56
2021-12-04T19:57:00-07:00 Denver,101.12
2021-12-04T19:58:00-07:00 Denver,101.68
2021-12-04T19:59:00-07:00 Denver,102.24000000000001
2021-12-04T20:00:00-07:00 Denver,102.8
2021-12-04T20:01:00-07:00 Denver,102.02
2021-12-04T20:02:00-07:00 Denver,101.24
2021-12-04T20:03:00-07:00 Denver,100.46
2021-12-04T20:04:00-07:00 Denver,99.68
2021-12-04T20:05:00-07:00 Denver,98.9
2021-12-04T20:06:00-07:00 Denver,99.11
2021-12-04T20:07:00-07:00 Denver,99.32
2021-12-04T20:08:00-07:00 Denver,99.53
2021-12-04T20:09:00-07:00 Denver,99.74000000000001
2021-12-04T20:10:00-07:00 Denver,99.95
2021-12-04T20:11:00-07:00 Denver,99.66
2021-12-04T20:12:00-07:00 Denver,99.37
2021-12-04T20:13:00-07:00 Denver,99.08
2021-12-04T20:14:00-07:00 Denver,98.78999999999999
2021-12-04T20:15:00-07:00 Denver,98.5
2021-12-04T20:16:00-07:00 Denver,98.91
2021-12-04T20:17:00-07:00 Denver,99.32
2021-12-04T20:18:00-07:00 Denver,99.72999999999999
2021-12-04T20:19:00-07:00 Denver,100.13999999999999
2021-12-04T20:20:00-07:00 Denver,100.55
2021-12-04T20:21:00-07:00 Denver,100.89
2021-12-04T20:22:00-07:00 Denver,101.23
2021-12-04T20:23:00-07:00 Denver,101.57000000000001
2021-12-04T20:24:00-07:00 Denver,101.91
2021-12-04T20:25:00-07:00 Denver,102.25
2021-12-04T20:26:00-07:00 Denver,102.03
2021-12-04T20:27:00-07:00 Denver,101.81
2021-12-04T20:28:00-07:00 Denver,101.59
2021-12-04T20:29:00-07:00 Denver,101.37
2021-12-04T20:30:00-07:00 Denver,101.15
2021-12-04T20:31:00-07:00 Denver,100.30000000000001
2021-12-04T20:32:00-07:00 Denver,99.45000000000002
2021-12-04T20:33:00-07:00 Denver,98.60000000000001
2021-12-04T20:34:00-07:00 Denver,97.75
2021-12-04T20:35:00-07:00 Denver,96.9
2021-12-04T20:36:00-07:00 Denver,97.02000000000001
2021-12-04T20:37:00-07:00 Denver,97.14000000000001
2021-12-04T20:38:00-07:00 Denver,97.26
2021-12-04T20:39:00-07:00 Denver,97.38000000000001
2021-12-04T20:40:00-07:00 Denver,97.5
2021-12-04T20:41:00-07:00 Denver,97.3
2021-12-04T20:42:00-07:00 Denver,97.1
2021-12-04T20:43:00-07:00 Denver,96.89999999999999
2021-12-04T20:44:00-07:00 Denver,96.69999999999999
2021-12-04T20:45:00-07:00 Denver,96.5
2021-12-04T20:46:00-07:00 Denver,97.81
2021-12-04T20:47:00-07:00 Denver,99.12
2021-12-04T20:48:00-07:00 Denver,100.43
2021-12-04T20:49:00-07:00 Denver,101.74000000000001
2021-12-04T20:50:00-07:00 Denver,103.05
2021-12-04T20:51:00-07:00 Denver,101.74
2021-12-04T20:52:00-07:00 Denver,100.42999999999999
2021-12-04T20:53:00-07:00 Denver,99.11999999999999
2021-12-04T20:54:00-07:00 Denver,97.81
2021-12-04T20:55:00-07:00 Denver,96.5
2021-12-04T20:56:00-07:00 Denver,97.13
2021-12-04T20:57:00-07:00 Denver,97.75999999999999
2021-12-04T20:58:00-07:00 Denver,98.39
2021-12-04T20:59:00-07:00 Denver,99.02000000000001
2021-12-04T21:00:00-07:00 Denver,99.65
2021-12-04T21:01:00-07:00 Denver,98.91000000000001
2021-12-04T21:02:00-07:00 Denver,98.17000000000002
2021-12-04T21:03:00-07:00 Denver,97.43
2021-12-04T21:04:00-07:00 Denver,96.69
2021-12-04T21:05:00-07:00 Denver,95.95
2021-12-04T21:06:00-07:00 Denver,95.77
2021-12-04T21:07:00-07:00 Denver,95.59
2021-12-04T21:08:00-07:00 Denver,95.41
2021-12-04T21:09:00-07:00 Denver,95.22999999999999
2021-12-04T21:10:00-07:00 Denver,95.05
2021-12-04T21:11:00-07:00 Denver,95.25
2021-12-04T21:12:00-07:00 Denver,95.45
2021-12-04T21:13:00-07:00 Denver,95.65
2021-12-04T21:14:00-07:00 Denver,95.85
2021-12-04T21:15:00-07:00 Denver,96.05
2021-12-04T21:16:00-07:00 Denver,97.38
2021-12-04T21:17:00-07:00 Denver,98.71
2021-12-04T21:18:00-07:00 Denver,100.03999999999999
2021-12-04T21:19:00-07:00 Denver,101.37
2021-12-04T21:20:00-07:00 Denver,102.7
2021-12-04T21:21:00-07:00 Denver,101.37
2021-12-04T21:22:00-07:00 Denver,100.04
2021-12-04T21:23:00-07:00 Denver,98.71000000000001
2021-12-04T21:24:00-07:00 Denver,97.38
2021-12-04T21:25:00-07:00 Denver,96.05
2021-12-04T21:26:00-07:00 Denver,97.67999999999999
2021-12-04T21:27:00-07:00 Denver,99.31
2021-12-04T21:28:00-07:00 Denver,100.94
2021-12-04T21:29:00-07:00 Denver,102.57
2021-12-04T21:30:00-07:00 Denver,104.2
2021-12-04T21:31:00-07:00 Denver,103.86
2021-12-04T21:32:00-07:00 Denver,103.52
2021-12-04T21:33:00-07:00 Denver,103.17999999999999
2021-12-04T21:34:00-07:00 Denver,102.84
2021-12-04T21:35:00-07:00 Denver,102.5
2021-12-04T21:36:00-07:00 Denver,102.79
2021-12-04T21:37:00-07:00 Denver,103.08000000000001
2021-12-04T21:38:00-07:00 Denver,103.37
2021-12-04T21:39:00-07:00 Denver,103.66
2021-12-04T21:40:00-07:00 Denver,103.95
2021-12-04T21:41:00-07:00 Denver,104.15
2021-12-04T21:42:00-07:00 Denver,104.35000000000001
2021-12-04T21:43:00-07:00 Denver,104.55000000000001
2021-12-04T21:44:00-07:00 Denver,104.75
2021-12-04T21:45:00-07:00 Denver,104.95
2021-12-04T21:46:00-07:00 Denver,103.92
2021-12-04T21:47:00-07:00 Denver,102.89
2021-12-04T21:48:00-07:00 Denver,101.86
2021-12-04T21:49:00-07:00 Denver,100.83
2021-12-04T21:50:00-07:00 Denver,99.8
2021-12-04T21:51:00-07:00 Denver,100.33
2021-12-04T21:52:00-07:00 Denver,100.86
2021-12-04T21:53:00-07:00 Denver,101.39
2021-12-04T21:54:00-07:00 Denver,101.92
2021-12-04T21:55:00-07:00 Denver,102.45
2021-12-04T21:56:00-07:00 Denver,102.84
2021-12-04T21:57:00-07:00 Denver,103.23
2021-12-04T21:58:00-07:00 Denver,103.62
2021-12-04T21:59:00-07:00 Denver,104.01
2021-12-04T22:00:00-07:00 Denver,104.4
2021-12-04T22:01:00-07:00 Denver,103.71000000000001
2021-12-04T22:02:00-07:00 Denver,103.02000000000001
2021-12-04T22:03:00-07:00 Denver,102.33000000000001
2021-12-04T22:04:00-07:00 Denver,101.64000000000001
2021-12-04T22:05:00-07:00 Denver,100.95
2021-12-04T22:06:00-07:00 Denver,100.09
2021-12-04T22:07:00-07:00 Denver,99.23
2021-12-04T22:08:00-07:00 Denver,98.37
2021-12-04T22:09:00-07:00 Denver,97.51
2021-12-04T22:10:00-07:00 Denver,96.65
2021-12-04T22:11:00-07:00 Denver,97.56
2021-12-04T22:12:00-07:00 Denver,98.47
2021-12-04T22:13:00-07:00 Denver,99.38
2021-12-04T22:14:00-07:00 Denver,100.28999999999999
2021-12-04T22:15:00-07:00 Denver,101.2
2021-12-04T22:16:00-07:00 Denver,101.03
2021-12-04T22:17:00-07:00 Denver,100.86
2021-12-04T22:18:00-07:00 Denver,100.69
2021-12-04T22:19:00-07:00 Denver,100.52
2021-12-04T22:20:00-07:00 Denver,100.35
2021-12-04T22:21:00-07:00 Denver,100.33999999999999
2021-12-04T22:22:00-07:00 Denver,100.32999999999998
2021-12-04T22:23:00-07:00 Denver,100.32
2021-12-04T22:24:00-07:00 Denver,100.31
2021-12-04T22:25:00-07:00 Denver,100.3
2021-12-04T22:26:00-07:00 Denver,100.24
2021-12-04T22:27:00-07:00 Denver,100.17999999999999
2021-12-04T22:28:00-07:00 Denver,100.11999999999999
2021-12-04T22:29:00-07:00 Denver,100.06
2021-12-04T22:30:00-07:00 Denver,100
2021-12-04T22:31:00-07:00 Denver,100
2021-12-04T22:32:00-07:00 Denver,100
2021-12-04T22:33:00-07:00 Denver,100
2021-12-04T22:34:00-07:00 Denver,100
2021-12-04T22:35:00-07:00 Denver,100
2021-12-04T22:36:00-07:00 Denver,100.43
2021-12-04T22:37:00-07:00 Denver,100.86000000000001
2021-12-04T22:38:00-07:00 Denver,101.29
2021-12-04T22:39:00-07:00 Denver,101.72
2021-12-04T22:40:00-07:00 Denver,102.15
2021-12-04T22:41:00-07:00 Denver,101.88000000000001
2021-12-04T22:42:00-07:00 Denver,101.61000000000001
2021-12-04T22:43:00-07:00 Denver,101.34
2021-12-04T22:44:00-07:00 Denver,101.07
2021-12-04T22:45:00-07:00 Denver,100.8
2021-12-04T22:46:00-07:00 Denver,101.21
2021-12-04T22:47:00-07:00 Denver,101.61999999999999
2021-12-04T22:48:00-07:00 Denver,102.02999999999999
2021-12-04T22:49:00-07:00 Denver,102.44
2021-12-04T22:50:00-07:00 Denver,102.85
2021-12-04T22:51:00-07:00 Denver,102.22
2021-12-04T22:52:00-07:00 Denver,101.59
2021-12-04T22:53:00-07:00 Denver,100.96000000000001
2021-12-04T22:54:00-07:00 Denver,100.33000000000001
2021-12-04T22:55:00-07:00 Denver,99.7
2021-12-04T22:56:00-07:00 Denver,99.11
2021-12-04T22:57:00-07:00 Denver,98.52
2021-12-04T22:58:00-07:00 Denver,97.92999999999999
2021-12-04T22:59:00-07:00 Denver,97.34
2021-12-04T23:00:00-07:00 Denver,96.75
2021-12-04T23:01:00-07:00 Denver,98.38
2021-12-04T23:02:00-07:00 Denver,100.00999999999999
2021-12-04T23:03:00-07:00 Denver,101.64
2021-12-04T23:04:00-07:00 Denver,103.27000000000001
2021-12-04T23:05:00-07:00 Denver,104.9
2021-12-04T23:06:00-07:00 Denver,102.93
2021-12-04T23:07:00-07:00 Denver,100.96000000000001
2021-12-04T23:08:00-07:00 Denver,98.99000000000001
2021-12-04T23:09:00-07:00 Denver,97.02000000000001
2021-12-04T23:10:00-07:00 Denver,95.05
2021-12-04T23:11:00-07:00 Denver,95.1
2021-12-04T23:12:00-07:00 Denver,95.14999999999999
2021-12-04T23:13:00-07:00 Denver,95.19999999999999
2021-12-04T23:14:00-07:00 Denver,95.25
2021-12-04T23:15:00-07:00 Denver,95.3
2021-12-04T23:16:00-07:00 Denver,95.98
2021-12-04T23:17:00-07:00 Denver,96.66
2021-12-04T23:18:00-07:00 Denver,97.34
2021-12-04T23:19:00-07:00 Denver,98.02000000000001
2021-12-04T23:20:00-07:00 Denver,98.7
2021-12-04T23:21:00-07:00 Denver,99.83
2021-12-04T23:22:00-07:00 Denver,100.96
2021-12-04T23:23:00-07:00 Denver,102.08999999999999
2021-12-04T23:24:00-07:00 Denver,103.22
2021-12-04T23:25:00-07:00 Denver,104.35
2021-12-04T23:26:00-07:00 Denver,103.8
2021-12-04T23:27:00-07:00 Denver,103.25
2021-12-04T23:28:00-07:00 Denver,102.7
2021-12-04T23:29:00-07:00 Denver,102.15
2021-12-04T23:30:00-07:00 Denver,101.6
2021-12-04T23:31:00-07:00 Denver,101.27
2021-12-04T23:32:00-07:00 Denver,100.94
2021-12-04T23:33:00-07:00 Denver,100.61
2021-12-04T23:34:00-07:00 Denver,100.28
2021-12-04T23:35:00-07:00 Denver,99.95
2021-12-04T23:36:00-07:00 Denver,100.71000000000001
2021-12-04T23:37:00-07:00 Denver,101.47
2021-12-04T23:38:00-07:00 Denver,102.23
2021-12-04T23:39:00-07:00 Denver,102.99000000000001
2021-12-04T23:40:00-07:00 Denver,103.75
2021-12-04T23:41:00-07:00 Denver,102.54
2021-12-04T23:42:00-07:00 Denver,101.33000000000001
2021-12-04T23:43:00-07:00 Denver,100.12
2021-12-04T23:44:00-07:00 Denver,98.91
2021-12-04T23:45:00-07:00 Denver,97.7
2021-12-04T23:46:00-07:00 Denver,98.63
2021-12-04T23:47:00-07:00 Denver,99.56
2021-12-04T23:48:00-07:00 Denver,100.49
2021-12-04T23:49:00-07:00 Denver,101.41999999999999
2021-12-04T23:50:00-07:00 Denver,102.35
2021-12-04T23:51:00-07:00 Denver,102.44
2021-12-04T23:52:00-07:00 Denver,102.53
2021-12-04T23:53:00-07:00 Denver,102.62
2021-12-04T23:54:00-07:00 Denver,102.71000000000001
2021-12-04T23:55:00-07:00 Denver,102.8
2021-12-04T23:56:00-07:00 Denver,0
2021-12-04T23:57:00-07:00 Denver,0
2021-12-04T23:58:00-07:00 Denver,0
2021-12-04T23:59:00-07:00 Denver,0
