Timestamp,Synthetic Site Electricity Main Total Power
2021-12-02T00:00:00-07:00 Denver,96.3
2021-12-02T00:01:00-07:00 Denver,97.12
2021-12-02T00:02:00-07:00 Denver,97.94
2021-12-02T00:03:00-07:00 Denver,98.76
2021-12-02T00:04:00-07:00 Denver,99.58000000000001
2021-12-02T00:05:00-07:00 Denver,100.4
2021-12-02T00:06:00-07:00 Denver,101.10000000000001
2021-12-02T00:07:00-07:00 Denver,101.80000000000001
2021-12-02T00:08:00-07:00 Denver,102.50000000000001
2021-12-02T00:09:00-07:00 Denver,103.20000000000002
2021-12-02T00:10:00-07:00 Denver,103.9
2021-12-02T00:11:00-07:00 Denver,103.80000000000001
2021-12-02T00:12:00-07:00 Denver,103.70000000000002
2021-12-02T00:13:00-07:00 Denver,103.7160011291504
2021-12-02T00:14:00-07:00 Denver,103.70600128173828
2021-12-02T00:15:00-07:00 Denver,103.5879997253418
2021-12-02T00:16:00-07:00 Denver,102.48399917602539
2021-12-02T00:17:00-07:00 Denver,101.41600173950195
2021-12-02T00:18:00-07:00 Denver,100.27600189208984
2021-12-02T00:19:00-07:00 Denver,98.99200103759765
2021-12-02T00:20:00-07:00 Denver,97.5999984741211
2021-12-02T00:21:00-07:00 Denver,97.43600128173829
2021-12-02T00:22:00-07:00 Denver,97.34399887084962
2021-12-02T00:23:00-07:00 Denver,97.25200027465822
2021-12-02T00:24:00-07:00 Denver,97.17000000000002
2021-12-02T00:25:00-07:00 Denver,97.15
2021-12-02T00:26:00-07:00 Denver,97.43
2021-12-02T00:27:00-07:00 Denver,97.71000000000001
2021-12-02T00:28:00-07:00 Denver,97.99000000000001
2021-12-02T00:29:00-07:00 Denver,98.27000000000001
2021-12-02T00:30:00-07:00 Denver,98.55
2021-12-02T00:31:00-07:00 Denver,99.8220002746582
2021-12-02T00:32:00-07:00 Denver,101.0320002746582
2021-12-02T00:33:00-07:00 Denver,102.17999999999999
2021-12-02T00:34:00-07:00 Denver,103.38999999999999
2021-12-02T00:35:00-07:00 Denver,104.6
2021-12-02T00:36:00-07:00 Denver,103.36999999999999
2021-12-02T00:37:00-07:00 Denver,102.13999999999999
2021-12-02T00:38:00-07:00 Denver,100.91
2021-12-02T00:39:00-07:00 Denver,99.68
2021-12-02T00:40:00-07:00 Denver,98.45
2021-12-02T00:41:00-07:00 Denver,99.05
2021-12-02T00:42:00-07:00 Denver,99.65
2021-12-02T00:43:00-07:00 Denver,100.25
2021-12-02T00:44:00-07:00 Denver,100.85
2021-12-02T00:45:00-07:00 Denver,101.45
2021-12-02T00:46:00-07:00 Denver,100.41
2021-12-02T00:47:00-07:00 Denver,99.37
2021-12-02T00:48:00-07:00 Denver,98.33
2021-12-02T00:49:00-07:00 Denver,97.28999999999999
2021-12-02T00:50:00-07:00 Denver,96.25799942016602
2021-12-02T00:51:00-07:00 Denver,96.4879995727539
2021-12-02T00:52:00-07:00 Denver,96.77200057983399
2021-12-02T00:53:00-07:00 Denver,96.8939990234375
2021-12-02T00:54:00-07:00 Denver,97.17800003051758
2021-12-02T00:55:00-07:00 Denver,97.49800033569336
2021-12-02T00:56:00-07:00 Denver,99.08999893188476
2021-12-02T00:57:00-07:00 Denver,100.66399978637695
2021-12-02T00:58:00-07:00 Denver,102.14800048828124
2021-12-02T00:59:00-07:00 Denver,103.63200119018555
2021-12-02T01:00:00-07:00 Denver,105.13399963378906
2021-12-02T01:01:00-07:00 Denver,103.75600189208984
2021-12-02T01:02:00-07:00 Denver,102.37800033569336
2021-12-02T01:03:00-07:00 Denver,101.03600189208984
2021-12-02T01:04:00-07:00 Denver,99.71200119018555
2021-12-02T01:05:00-07:00 Denver,98.35200119018555
2021-12-02T01:06:00-07:00 Denver,97.85600189208985
2021-12-02T01:07:00-07:00 Denver,97.34200103759767
2021-12-02T01:08:00-07:00 Denver,96.86399948120118
2021-12-02T01:09:00-07:00 Denver,96.43999877929687
2021-12-02T01:10:00-07:00 Denver,96.10599822998047
2021-12-02T01:11:00-07:00 Denver,97.54399978637696
2021-12-02T01:12:00-07:00 Denver,99.08999923706055
2021-12-02T01:13:00-07:00 Denver,100.65400024414063
2021-12-02T01:14:00-07:00 Denver,101.91200149536132
2021-12-02T01:15:00-07:00 Denver,103.11600189208984
2021-12-02T01:16:00-07:00 Denver,103.43800018310547
2021-12-02T01:17:00-07:00 Denver,103.75999847412109
2021-12-02T01:18:00-07:00 Denver,104.08200057983399
2021-12-02T01:19:00-07:00 Denver,104.60200073242189
2021-12-02T01:20:00-07:00 Denver,105.19399948120117
2021-12-02T01:21:00-07:00 Denver,104.61999877929688
2021-12-02T01:22:00-07:00 Denver,103.95600173950196
2021-12-02T01:23:00-07:00 Denver,103.34600173950196
2021-12-02T01:24:00-07:00 Denver,102.75399948120118
2021-12-02T01:25:00-07:00 Denver,102.14399948120118
2021-12-02T01:26:00-07:00 Denver,102.43600158691407
2021-12-02T01:27:00-07:00 Denver,102.60200042724611
2021-12-02T01:28:00-07:00 Denver,103.01999816894532
2021-12-02T01:29:00-07:00 Denver,103.61800003051758
2021-12-02T01:30:00-07:00 Denver,104.19800033569337
2021-12-02T01:31:00-07:00 Denver,104.29200119018554
2021-12-02T01:32:00-07:00 Denver,104.25999877929686
2021-12-02T01:33:00-07:00 Denver,104.26399948120117
2021-12-02T01:34:00-07:00 Denver,104.30399948120117
2021-12-02T01:35:00-07:00 Denver,104.36200103759765
2021-12-02T01:36:00-07:00 Denver,103.27800033569335
2021-12-02T01:37:00-07:00 Denver,102.21200119018553
2021-12-02T01:38:00-07:00 Denver,101.09200119018554
2021-12-02T01:39:00-07:00 Denver,99.98999893188477
2021-12-02T01:40:00-07:00 Denver,99.03200149536133
2021-12-02T01:41:00-07:00 Denver,100.5120018005371
2021-12-02T01:42:00-07:00 Denver,101.8480010986328
2021-12-02T01:43:00-07:00 Denver,103.05800094604491
2021-12-02T01:44:00-07:00 Denver,104.28599853515624
2021-12-02T01:45:00-07:00 Denver,105.51399993896484
2021-12-02T01:46:00-07:00 Denver,104.11200149536133
2021-12-02T01:47:00-07:00 Denver,102.69200149536132
2021-12-02T01:48:00-07:00 Denver,101.30800079345703
2021-12-02T01:49:00-07:00 Denver,99.92400009155273
2021-12-02T01:50:00-07:00 Denver,98.55800094604493
2021-12-02T01:51:00-07:00 Denver,99.36599868774414
2021-12-02T01:52:00-07:00 Denver,100.10200164794921
2021-12-02T01:53:00-07:00 Denver,100.67599822998046
2021-12-02T01:54:00-07:00 Denver,101.39399963378906
2021-12-02T01:55:00-07:00 Denver,102.16600189208984
2021-12-02T01:56:00-07:00 Denver,102.52999877929688
2021-12-02T01:57:00-07:00 Denver,102.92999877929688
2021-12-02T01:58:00-07:00 Denver,103.36600189208984
2021-12-02T01:59:00-07:00 Denver,103.72999877929686
2021-12-02T02:00:00-07:00 Denver,104.12999877929687
2021-12-02T02:01:00-07:00 Denver,102.86999877929686
2021-12-02T02:02:00-07:00 Denver,101.55600173950194
2021-12-02T02:03:00-07:00 Denver,100.16999847412109
2021-12-02T02:04:00-07:00 Denver,98.7120004272461
2021-12-02T02:05:00-07:00 Denver,97.34399871826172
2021-12-02T02:06:00-07:00 Denver,97.0320002746582
2021-12-02T02:07:00-07:00 Denver,96.84600128173828
2021-12-02T02:08:00-07:00 Denver,96.6239991760254
2021-12-02T02:09:00-07:00 Denver,96.31200073242188
2021-12-02T02:10:00-07:00 Denver,95.85600128173829
2021-12-02T02:11:00-07:00 Denver,97.12399871826172
2021-12-02T02:12:00-07:00 Denver,98.53600097656249
2021-12-02T02:13:00-07:00 Denver,99.9660009765625
2021-12-02T02:14:00-07:00 Denver,101.37
2021-12-02T02:15:00-07:00 Denver,102.8260009765625
2021-12-02T02:16:00-07:00 Denver,102.03600112915039
2021-12-02T02:17:00-07:00 Denver,101.20999816894532
2021-12-02T02:18:00-07:00 Denver,100.5099984741211
2021-12-02T02:19:00-07:00 Denver,99.77399948120117
2021-12-02T02:20:00-07:00 Denver,98.89399948120118
2021-12-02T02:21:00-07:00 Denver,98.47600173950195
2021-12-02T02:22:00-07:00 Denver,98.14800033569335
2021-12-02T02:23:00-07:00 Denver,97.76600189208985
2021-12-02T02:24:00-07:00 Denver,97.34800033569337
2021-12-02T02:25:00-07:00 Denver,96.96600189208985
2021-12-02T02:26:00-07:00 Denver,98.00600189208984
2021-12-02T02:27:00-07:00 Denver,99.02800033569335
2021-12-02T02:28:00-07:00 Denver,100.04999877929687
2021-12-02T02:29:00-07:00 Denver,100.96399932861328
2021-12-02T02:30:00-07:00 Denver,101.91399917602538
2021-12-02T02:31:00-07:00 Denver,101.16200088500976
2021-12-02T02:32:00-07:00 Denver,100.39200103759765
2021-12-02T02:33:00-07:00 Denver,99.51399948120117
2021-12-02T02:34:00-07:00 Denver,98.58200088500976
2021-12-02T02:35:00-07:00 Denver,97.68600158691406
2021-12-02T02:36:00-07:00 Denver,97.51999862670898
2021-12-02T02:37:00-07:00 Denver,97.28200088500977
2021-12-02T02:38:00-07:00 Denver,97.02600158691406
2021-12-02T02:39:00-07:00 Denver,96.89600173950195
2021-12-02T02:40:00-07:00 Denver,96.67600173950196
2021-12-02T02:41:00-07:00 Denver,97.59800003051758
2021-12-02T02:42:00-07:00 Denver,98.59200073242188
2021-12-02T02:43:00-07:00 Denver,99.6039991760254
2021-12-02T02:44:00-07:00 Denver,100.77800018310546
2021-12-02T02:45:00-07:00 Denver,101.80800018310546
2021-12-02T02:46:00-07:00 Denver,101.51399932861328
2021-12-02T02:47:00-07:00 Denver,101.20200073242188
2021-12-02T02:48:00-07:00 Denver,100.85399902343751
2021-12-02T02:49:00-07:00 Denver,100.39000000000001
2021-12-02T02:50:00-07:00 Denver,100.15
2021-12-02T02:51:00-07:00 Denver,99.45
2021-12-02T02:52:00-07:00 Denver,98.75
2021-12-02T02:53:00-07:00 Denver,98.05
2021-12-02T02:54:00-07:00 Denver,97.35
2021-12-02T02:55:00-07:00 Denver,96.65
2021-12-02T02:56:00-07:00 Denver,97.19
2021-12-02T02:57:00-07:00 Denver,97.72999999999999
2021-12-02T02:58:00-07:00 Denver,98.27
2021-12-02T02:59:00-07:00 Denver,98.81
2021-12-02T03:00:00-07:00 Denver,99.35
2021-12-02T03:01:00-07:00 Denver,99.35
2021-12-02T03:02:00-07:00 Denver,99.35
2021-12-02T03:03:00-07:00 Denver,99.35
2021-12-02T03:04:00-07:00 Denver,99.35
2021-12-02T03:05:00-07:00 Denver,99.35
2021-12-02T03:06:00-07:00 Denver,99.8
2021-12-02T03:07:00-07:00 Denver,100.25
2021-12-02T03:08:00-07:00 Denver,100.7
2021-12-02T03:09:00-07:00 Denver,101.15
2021-12-02T03:10:00-07:00 Denver,101.6
2021-12-02T03:11:00-07:00 Denver,101.36
2021-12-02T03:12:00-07:00 Denver,101.12
2021-12-02T03:13:00-07:00 Denver,100.88000000000001
2021-12-02T03:14:00-07:00 Denver,100.64000000000001
2021-12-02T03:15:00-07:00 Denver,100.4
2021-12-02T03:16:00-07:00 Denver,100.2560009765625
2021-12-02T03:17:00-07:00 Denver,100.06
2021-12-02T03:18:00-07:00 Denver,100.05999816894531
2021-12-02T03:19:00-07:00 Denver,100.10600158691406
2021-12-02T03:20:00-07:00 Denver,99.91800003051758
2021-12-02T03:21:00-07:00 Denver,99.14200073242188
2021-12-02T03:22:00-07:00 Denver,98.50999862670898
2021-12-02T03:23:00-07:00 Denver,97.78800018310547
2021-12-02T03:24:00-07:00 Denver,97.04800018310547
2021-12-02T03:25:00-07:00 Denver,96.32600173950195
2021-12-02T03:26:00-07:00 Denver,96.05999847412109
2021-12-02T03:27:00-07:00 Denver,95.68600112915038
2021-12-02T03:28:00-07:00 Denver,95.5279995727539
2021-12-02T03:29:00-07:00 Denver,95.4599981689453
2021-12-02T03:30:00-07:00 Denver,95.4639991760254
2021-12-02T03:31:00-07:00 Denver,96.79200088500977
2021-12-02T03:32:00-07:00 Denver,97.95800003051758
2021-12-02T03:33:00-07:00 Denver,99.10600143432617
2021-12-02T03:34:00-07:00 Denver,100.19999816894531
2021-12-02T03:35:00-07:00 Denver,101.36600112915039
2021-12-02T03:36:00-07:00 Denver,100.4120002746582
2021-12-02T03:37:00-07:00 Denver,99.49399871826171
2021-12-02T03:38:00-07:00 Denver,98.75600128173828
2021-12-02T03:39:00-07:00 Denver,97.94600143432616
2021-12-02T03:40:00-07:00 Denver,96.9020004272461
2021-12-02T03:41:00-07:00 Denver,98.16
2021-12-02T03:42:00-07:00 Denver,99.57
2021-12-02T03:43:00-07:00 Denver,100.97999999999999
2021-12-02T03:44:00-07:00 Denver,102.38999999999999
2021-12-02T03:45:00-07:00 Denver,103.8
2021-12-02T03:46:00-07:00 Denver,103.64
2021-12-02T03:47:00-07:00 Denver,103.48
2021-12-02T03:48:00-07:00 Denver,103.5079997253418
2021-12-02T03:49:00-07:00 Denver,103.3479997253418
2021-12-02T03:50:00-07:00 Denver,103.11600112915039
2021-12-02T03:51:00-07:00 Denver,102.4139990234375
2021-12-02T03:52:00-07:00 Denver,101.69399917602539
2021-12-02T03:53:00-07:00 Denver,100.88399917602538
2021-12-02T03:54:00-07:00 Denver,99.91200042724608
2021-12-02T03:55:00-07:00 Denver,99.03000183105469
2021-12-02T03:56:00-07:00 Denver,99.54
2021-12-02T03:57:00-07:00 Denver,100.13000000000001
2021-12-02T03:58:00-07:00 Denver,100.72000000000001
2021-12-02T03:59:00-07:00 Denver,101.31
2021-12-02T04:00:00-07:00 Denver,101.9
2021-12-02T04:01:00-07:00 Denver,101.22
2021-12-02T04:02:00-07:00 Denver,100.53999999999999
2021-12-02T04:03:00-07:00 Denver,99.86
2021-12-02T04:04:00-07:00 Denver,99.18
2021-12-02T04:05:00-07:00 Denver,98.50799942016602
2021-12-02T04:06:00-07:00 Denver,97.85
2021-12-02T04:07:00-07:00 Denver,97.19999999999999
2021-12-02T04:08:00-07:00 Denver,96.55
2021-12-02T04:09:00-07:00 Denver,95.9
2021-12-02T04:10:00-07:00 Denver,95.25
2021-12-02T04:11:00-07:00 Denver,95.46
2021-12-02T04:12:00-07:00 Denver,95.66999999999999
2021-12-02T04:13:00-07:00 Denver,95.88
2021-12-02T04:14:00-07:00 Denver,96.09
2021-12-02T04:15:00-07:00 Denver,96.3979995727539
2021-12-02T04:16:00-07:00 Denver,96.7079995727539
2021-12-02T04:17:00-07:00 Denver,96.9820002746582
2021-12-02T04:18:00-07:00 Denver,97.23
2021-12-02T04:19:00-07:00 Denver,97.53999999999999
2021-12-02T04:20:00-07:00 Denver,97.85
2021-12-02T04:21:00-07:00 Denver,98.02
2021-12-02T04:22:00-07:00 Denver,98.19
2021-12-02T04:23:00-07:00 Denver,98.36
2021-12-02T04:24:00-07:00 Denver,98.53
2021-12-02T04:25:00-07:00 Denver,98.7
2021-12-02T04:26:00-07:00 Denver,99.38
2021-12-02T04:27:00-07:00 Denver,100.06
2021-12-02T04:28:00-07:00 Denver,100.74
2021-12-02T04:29:00-07:00 Denver,101.41999999999999
2021-12-02T04:30:00-07:00 Denver,102.1
2021-12-02T04:31:00-07:00 Denver,102.41
2021-12-02T04:32:00-07:00 Denver,102.72
2021-12-02T04:33:00-07:00 Denver,103.03
2021-12-02T04:34:00-07:00 Denver,103.34
2021-12-02T04:35:00-07:00 Denver,103.65
2021-12-02T04:36:00-07:00 Denver,103.41000000000001
2021-12-02T04:37:00-07:00 Denver,103.17000000000002
2021-12-02T04:38:00-07:00 Denver,102.93
2021-12-02T04:39:00-07:00 Denver,102.69
2021-12-02T04:40:00-07:00 Denver,102.45
2021-12-02T04:41:00-07:00 Denver,102.38
2021-12-02T04:42:00-07:00 Denver,102.31
2021-12-02T04:43:00-07:00 Denver,102.24
2021-12-02T04:44:00-07:00 Denver,102.16999999999999
2021-12-02T04:45:00-07:00 Denver,102.1
2021-12-02T04:46:00-07:00 Denver,102.53999999999999
2021-12-02T04:47:00-07:00 Denver,102.97999999999999
2021-12-02T04:48:00-07:00 Denver,103.41999999999999
2021-12-02T04:49:00-07:00 Denver,103.86
2021-12-02T04:50:00-07:00 Denver,104.3
2021-12-02T04:51:00-07:00 Denver,103.7
2021-12-02T04:52:00-07:00 Denver,103.1
2021-12-02T04:53:00-07:00 Denver,102.5
2021-12-02T04:54:00-07:00 Denver,101.9
2021-12-02T04:55:00-07:00 Denver,101.3
2021-12-02T04:56:00-07:00 Denver,100.48
2021-12-02T04:57:00-07:00 Denver,99.66
2021-12-02T04:58:00-07:00 Denver,98.84
2021-12-02T04:59:00-07:00 Denver,98.02000000000001
2021-12-02T05:00:00-07:00 Denver,97.2
2021-12-02T05:01:00-07:00 Denver,97.28
2021-12-02T05:02:00-07:00 Denver,97.36
2021-12-02T05:03:00-07:00 Denver,97.44
2021-12-02T05:04:00-07:00 Denver,97.52
2021-12-02T05:05:00-07:00 Denver,97.6
2021-12-02T05:06:00-07:00 Denver,98.16
2021-12-02T05:07:00-07:00 Denver,98.72
2021-12-02T05:08:00-07:00 Denver,99.28
2021-12-02T05:09:00-07:00 Denver,99.84
2021-12-02T05:10:00-07:00 Denver,100.4
2021-12-02T05:11:00-07:00 Denver,99.47
2021-12-02T05:12:00-07:00 Denver,98.53999999999999
2021-12-02T05:13:00-07:00 Denver,97.61
2021-12-02T05:14:00-07:00 Denver,96.68
2021-12-02T05:15:00-07:00 Denver,95.75
2021-12-02T05:16:00-07:00 Denver,96.55
2021-12-02T05:17:00-07:00 Denver,97.35
2021-12-02T05:18:00-07:00 Denver,98.14999999999999
2021-12-02T05:19:00-07:00 Denver,98.94999999999999
2021-12-02T05:20:00-07:00 Denver,99.75
2021-12-02T05:21:00-07:00 Denver,100.75
2021-12-02T05:22:00-07:00 Denver,101.75
2021-12-02T05:23:00-07:00 Denver,102.75
2021-12-02T05:24:00-07:00 Denver,103.75
2021-12-02T05:25:00-07:00 Denver,104.75
2021-12-02T05:26:00-07:00 Denver,104.19
2021-12-02T05:27:00-07:00 Denver,103.63
2021-12-02T05:28:00-07:00 Denver,103.07
2021-12-02T05:29:00-07:00 Denver,102.50999999999999
2021-12-02T05:30:00-07:00 Denver,101.95
2021-12-02T05:31:00-07:00 Denver,101.60000000000001
2021-12-02T05:32:00-07:00 Denver,101.25
2021-12-02T05:33:00-07:00 Denver,100.9
2021-12-02T05:34:00-07:00 Denver,100.55000000000001
2021-12-02T05:35:00-07:00 Denver,100.2
2021-12-02T05:36:00-07:00 Denver,100.88
2021-12-02T05:37:00-07:00 Denver,101.56
2021-12-02T05:38:00-07:00 Denver,102.24
2021-12-02T05:39:00-07:00 Denver,102.91999999999999
2021-12-02T05:40:00-07:00 Denver,103.6
2021-12-02T05:41:00-07:00 Denver,102.27
2021-12-02T05:42:00-07:00 Denver,100.94
2021-12-02T05:43:00-07:00 Denver,99.61
2021-12-02T05:44:00-07:00 Denver,98.28
2021-12-02T05:45:00-07:00 Denver,96.95
2021-12-02T05:46:00-07:00 Denver,96.75
2021-12-02T05:47:00-07:00 Denver,96.55
2021-12-02T05:48:00-07:00 Denver,96.35
2021-12-02T05:49:00-07:00 Denver,96.15
2021-12-02T05:50:00-07:00 Denver,95.95
2021-12-02T05:51:00-07:00 Denver,97.42
2021-12-02T05:52:00-07:00 Denver,98.89
2021-12-02T05:53:00-07:00 Denver,100.36
2021-12-02T05:54:00-07:00 Denver,101.83
2021-12-02T05:55:00-07:00 Denver,103.3
2021-12-02T05:56:00-07:00 Denver,102.94
2021-12-02T05:57:00-07:00 Denver,102.58
2021-12-02T05:58:00-07:00 Denver,102.22
2021-12-02T05:59:00-07:00 Denver,101.86
2021-12-02T06:00:00-07:00 Denver,101.5
2021-12-02T06:01:00-07:00 Denver,101.97
2021-12-02T06:02:00-07:00 Denver,102.44
2021-12-02T06:03:00-07:00 Denver,102.91
2021-12-02T06:04:00-07:00 Denver,103.38
2021-12-02T06:05:00-07:00 Denver,103.85
2021-12-02T06:06:00-07:00 Denver,103.05
2021-12-02T06:07:00-07:00 Denver,102.25
2021-12-02T06:08:00-07:00 Denver,101.45
2021-12-02T06:09:00-07:00 Denver,100.65
2021-12-02T06:10:00-07:00 Denver,99.85
2021-12-02T06:11:00-07:00 Denver,100.49
2021-12-02T06:12:00-07:00 Denver,101.13
2021-12-02T06:13:00-07:00 Denver,101.77
2021-12-02T06:14:00-07:00 Denver,102.41
2021-12-02T06:15:00-07:00 Denver,103.05
2021-12-02T06:16:00-07:00 Denver,102.3
2021-12-02T06:17:00-07:00 Denver,101.55
2021-12-02T06:18:00-07:00 Denver,100.8
2021-12-02T06:19:00-07:00 Denver,100.05
2021-12-02T06:20:00-07:00 Denver,99.3
2021-12-02T06:21:00-07:00 Denver,98.63
2021-12-02T06:22:00-07:00 Denver,97.96
2021-12-02T06:23:00-07:00 Denver,97.28999999999999
2021-12-02T06:24:00-07:00 Denver,96.62
2021-12-02T06:25:00-07:00 Denver,95.95
2021-12-02T06:26:00-07:00 Denver,97.15
2021-12-02T06:27:00-07:00 Denver,98.35000000000001
2021-12-02T06:28:00-07:00 Denver,99.55000000000001
2021-12-02T06:29:00-07:00 Denver,100.75
2021-12-02T06:30:00-07:00 Denver,101.95
2021-12-02T06:31:00-07:00 Denver,101.31
2021-12-02T06:32:00-07:00 Denver,100.67
2021-12-02T06:33:00-07:00 Denver,100.03
2021-12-02T06:34:00-07:00 Denver,99.39
2021-12-02T06:35:00-07:00 Denver,98.75
2021-12-02T06:36:00-07:00 Denver,99.76
2021-12-02T06:37:00-07:00 Denver,100.77000000000001
2021-12-02T06:38:00-07:00 Denver,101.78
2021-12-02T06:39:00-07:00 Denver,102.78999999999999
2021-12-02T06:40:00-07:00 Denver,103.8
2021-12-02T06:41:00-07:00 Denver,103.48
2021-12-02T06:42:00-07:00 Denver,103.16
2021-12-02T06:43:00-07:00 Denver,102.84
2021-12-02T06:44:00-07:00 Denver,102.52000000000001
2021-12-02T06:45:00-07:00 Denver,102.2
2021-12-02T06:46:00-07:00 Denver,101.26
2021-12-02T06:47:00-07:00 Denver,100.32000000000001
2021-12-02T06:48:00-07:00 Denver,99.38000000000001
2021-12-02T06:49:00-07:00 Denver,98.44
2021-12-02T06:50:00-07:00 Denver,97.5
2021-12-02T06:51:00-07:00 Denver,97.45
2021-12-02T06:52:00-07:00 Denver,97.4
2021-12-02T06:53:00-07:00 Denver,97.35000000000001
2021-12-02T06:54:00-07:00 Denver,97.2994032363873
2021-12-02T06:55:00-07:00 Denver,97.22879060953855
2021-12-02T06:56:00-07:00 Denver,97.13499860942365
2021-12-02T06:57:00-07:00 Denver,97.0404970085621
2021-12-02T06:58:00-07:00 Denver,96.9435952627659
2021-12-02T06:59:00-07:00 Denver,96.84723280191422
2021-12-02T07:00:00-07:00 Denver,96.74725970029832
2021-12-02T07:01:00-07:00 Denver,96.43248459815979
2021-12-02T07:02:00-07:00 Denver,96.11472109794617
2021-12-02T07:03:00-07:00 Denver,95.79371829986573
2021-12-02T07:04:00-07:00 Denver,95.47362831115723
2021-12-02T07:05:00-07:00 Denver,95.1325786113739
2021-12-02T07:06:00-07:00 Denver,96.80456727981569
2021-12-02T07:07:00-07:00 Denver,98.43021581649782
2021-12-02T07:08:00-07:00 Denver,100.05435640335084
2021-12-02T07:09:00-07:00 Denver,101.7082744216919
2021-12-02T07:10:00-07:00 Denver,103.37253799438477
2021-12-02T07:11:00-07:00 Denver,102.37798303604126
2021-12-02T07:12:00-07:00 Denver,101.37612102508545
2021-12-02T07:13:00-07:00 Denver,100.37398597717285
2021-12-02T07:14:00-07:00 Denver,99.36385704040528
2021-12-02T07:15:00-07:00 Denver,98.35295600891114
2021-12-02T07:16:00-07:00 Denver,97.76438098907471
2021-12-02T07:17:00-07:00 Denver,97.17045299530031
2021-12-02T07:18:00-07:00 Denver,96.56469390869142
2021-12-02T07:19:00-07:00 Denver,95.96536792755127
2021-12-02T07:20:00-07:00 Denver,95.35303592681885
2021-12-02T07:21:00-07:00 Denver,95.37412395477295
2021-12-02T07:22:00-07:00 Denver,95.38837604522706
2021-12-02T07:23:00-07:00 Denver,95.39857902526856
2021-12-02T07:24:00-07:00 Denver,95.40324096679687
2021-12-02T07:25:00-07:00 Denver,95.39627494812012
2021-12-02T07:26:00-07:00 Denver,95.864907913208
2021-12-02T07:27:00-07:00 Denver,96.33103691101074
2021-12-02T07:28:00-07:00 Denver,96.79469818115234
2021-12-02T07:29:00-07:00 Denver,97.24974700927733
2021-12-02T07:30:00-07:00 Denver,97.70313606262206
2021-12-02T07:31:00-07:00 Denver,97.39180618286132
2021-12-02T07:32:00-07:00 Denver,97.07722885131835
2021-12-02T07:33:00-07:00 Denver,96.75264785766602
2021-12-02T07:34:00-07:00 Denver,96.43051208496095
2021-12-02T07:35:00-07:00 Denver,96.09992599487305
2021-12-02T07:36:00-07:00 Denver,95.23273590087891
2021-12-02T07:37:00-07:00 Denver,94.36636596679688
2021-12-02T07:38:00-07:00 Denver,93.49161819458007
2021-12-02T07:39:00-07:00 Denver,92.62225982666014
2021-12-02T07:40:00-07:00 Denver,91.74926986694335
2021-12-02T07:41:00-07:00 Denver,90.80253387451172
2021-12-02T07:42:00-07:00 Denver,89.86200897216797
2021-12-02T07:43:00-07:00 Denver,88.9245899963379
2021-12-02T07:44:00-07:00 Denver,87.97579788208007
2021-12-02T07:45:00-07:00 Denver,87.02807693481445
2021-12-02T07:46:00-07:00 Denver,86.84990112304688
2021-12-02T07:47:00-07:00 Denver,86.6563070678711
2021-12-02T07:48:00-07:00 Denver,86.46568313598632
2021-12-02T07:49:00-07:00 Denver,86.27368515014648
2021-12-02T07:50:00-07:00 Denver,86.07019805908203
2021-12-02T07:51:00-07:00 Denver,87.50906616210938
2021-12-02T07:52:00-07:00 Denver,88.92906982421876
2021-12-02T07:53:00-07:00 Denver,90.3631199645996
2021-12-02T07:54:00-07:00 Denver,91.80535034179687
2021-12-02T07:55:00-07:00 Denver,93.24288024902344
2021-12-02T07:56:00-07:00 Denver,91.87946029663085
2021-12-02T07:57:00-07:00 Denver,90.52202026367186
2021-12-02T07:58:00-07:00 Denver,89.16191986083983
2021-12-02T07:59:00-07:00 Denver,87.80751937866209
2021-12-02T08:00:00-07:00 Denver,86.43896942138672
2021-12-02T08:01:00-07:00 Denver,86.46578644816081
2021-12-02T08:02:00-07:00 Denver,86.49622285970052
2021-12-02T08:03:00-07:00 Denver,86.57722079467774
2021-12-02T08:04:00-07:00 Denver,86.98551670328777
2021-12-02T08:05:00-07:00 Denver,87.34211430867514
2021-12-02T08:06:00-07:00 Denver,86.81922033691406
2021-12-02T08:07:00-07:00 Denver,86.19748527018228
2021-12-02T08:08:00-07:00 Denver,85.7520426228841
2021-12-02T08:09:00-07:00 Denver,85.216731048584
2021-12-02T08:10:00-07:00 Denver,84.50748911539714
2021-12-02T08:11:00-07:00 Denver,84.91795158894857
2021-12-02T08:12:00-07:00 Denver,85.49546194458007
2021-12-02T08:13:00-07:00 Denver,86.10260639444986
2021-12-02T08:14:00-07:00 Denver,86.67035341389973
2021-12-02T08:15:00-07:00 Denver,87.077490234375
2021-12-02T08:16:00-07:00 Denver,85.97083497111002
2021-12-02T08:17:00-07:00 Denver,84.9619816792806
2021-12-02T08:18:00-07:00 Denver,84.1319819946289
2021-12-02T08:19:00-07:00 Denver,83.3248147989909
2021-12-02T08:20:00-07:00 Denver,82.48019337972005
2021-12-02T08:21:00-07:00 Denver,83.59189050292969
2021-12-02T08:22:00-07:00 Denver,84.74971723429361
2021-12-02T08:23:00-07:00 Denver,86.12517473347981
2021-12-02T08:24:00-07:00 Denver,87.49069876098633
2021-12-02T08:25:00-07:00 Denver,88.97192789713542
2021-12-02T08:26:00-07:00 Denver,88.04839363606769
2021-12-02T08:27:00-07:00 Denver,86.7951505126953
2021-12-02T08:28:00-07:00 Denver,85.53717716471354
2021-12-02T08:29:00-07:00 Denver,84.38519212849934
2021-12-02T08:30:00-07:00 Denver,83.29016815185545
2021-12-02T08:31:00-07:00 Denver,83.38581620279948
2021-12-02T08:32:00-07:00 Denver,83.61407533772785
2021-12-02T08:33:00-07:00 Denver,83.92269946289062
2021-12-02T08:34:00-07:00 Denver,84.16299625651043
2021-12-02T08:35:00-07:00 Denver,84.33933430989583
2021-12-02T08:36:00-07:00 Denver,85.31165124511719
2021-12-02T08:37:00-07:00 Denver,86.1280866800944
2021-12-02T08:38:00-07:00 Denver,86.88726198323567
2021-12-02T08:39:00-07:00 Denver,87.72175085449219
2021-12-02T08:40:00-07:00 Denver,88.43128702799478
2021-12-02T08:41:00-07:00 Denver,88.33451204427082
2021-12-02T08:42:00-07:00 Denver,88.33515985107421
2021-12-02T08:43:00-07:00 Denver,88.53422684733073
2021-12-02T08:44:00-07:00 Denver,88.86215279134115
2021-12-02T08:45:00-07:00 Denver,89.39432220458984
2021-12-02T08:46:00-07:00 Denver,89.48232828776042
2021-12-02T08:47:00-07:00 Denver,89.39033253987631
2021-12-02T08:48:00-07:00 Denver,89.14073028564454
2021-12-02T08:49:00-07:00 Denver,88.83648935953775
2021-12-02T08:50:00-07:00 Denver,88.59193623860678
2021-12-02T08:51:00-07:00 Denver,89.26094116210938
2021-12-02T08:52:00-07:00 Denver,89.2366630045573
2021-12-02T08:53:00-07:00 Denver,89.31973500569661
2021-12-02T08:54:00-07:00 Denver,89.495205078125
2021-12-02T08:55:00-07:00 Denver,89.78374430338542
2021-12-02T08:56:00-07:00 Denver,90.48833986409505
2021-12-02T08:57:00-07:00 Denver,91.29256158447265
2021-12-02T08:58:00-07:00 Denver,92.26689896647136
2021-12-02T08:59:00-07:00 Denver,93.08598732503256
2021-12-02T09:00:00-07:00 Denver,93.94794219970703
2021-12-02T09:01:00-07:00 Denver,93.0848505045573
2021-12-02T09:02:00-07:00 Denver,92.21560799153646
2021-12-02T09:03:00-07:00 Denver,91.44852154541016
2021-12-02T09:04:00-07:00 Denver,90.17267197672525
2021-12-02T09:05:00-07:00 Denver,88.43915486653647
2021-12-02T09:06:00-07:00 Denver,86.87897857666016
2021-12-02T09:07:00-07:00 Denver,85.66326639811197
2021-12-02T09:08:00-07:00 Denver,84.13697377522786
2021-12-02T09:09:00-07:00 Denver,82.82488174438477
2021-12-02T09:10:00-07:00 Denver,81.84012736002605
2021-12-02T09:11:00-07:00 Denver,81.59821089680989
2021-12-02T09:12:00-07:00 Denver,81.24924945068358
2021-12-02T09:13:00-07:00 Denver,81.10318793741862
2021-12-02T09:14:00-07:00 Denver,81.24831142171224
2021-12-02T09:15:00-07:00 Denver,81.25582199096681
2021-12-02T09:16:00-07:00 Denver,82.5373768717448
2021-12-02T09:17:00-07:00 Denver,83.84502275594073
2021-12-02T09:18:00-07:00 Denver,85.36158587646483
2021-12-02T09:19:00-07:00 Denver,86.96376835123698
2021-12-02T09:20:00-07:00 Denver,88.37464375813803
2021-12-02T09:21:00-07:00 Denver,87.08884802246092
2021-12-02T09:22:00-07:00 Denver,85.97235923258464
2021-12-02T09:23:00-07:00 Denver,85.01413155110677
2021-12-02T09:24:00-07:00 Denver,84.08203302001954
2021-12-02T09:25:00-07:00 Denver,83.13013773600261
2021-12-02T09:26:00-07:00 Denver,83.30141591389975
2021-12-02T09:27:00-07:00 Denver,83.25661895751952
2021-12-02T09:28:00-07:00 Denver,83.1982630411784
2021-12-02T09:29:00-07:00 Denver,83.10985341389976
2021-12-02T09:30:00-07:00 Denver,82.86699584960938
2021-12-02T09:31:00-07:00 Denver,82.73751774088541
2021-12-02T09:32:00-07:00 Denver,82.12640358479818
2021-12-02T09:33:00-07:00 Denver,81.35487072753907
2021-12-02T09:34:00-07:00 Denver,80.70614670817056
2021-12-02T09:35:00-07:00 Denver,80.06340108235676
2021-12-02T09:36:00-07:00 Denver,78.63998010253907
2021-12-02T09:37:00-07:00 Denver,77.39588804117838
2021-12-02T09:38:00-07:00 Denver,76.55865327962238
2021-12-02T09:39:00-07:00 Denver,75.9754178466797
2021-12-02T09:40:00-07:00 Denver,75.467898050944
2021-12-02T09:41:00-07:00 Denver,75.10607430013022
2021-12-02T09:42:00-07:00 Denver,74.76781088256837
2021-12-02T09:43:00-07:00 Denver,74.58210712687173
2021-12-02T09:44:00-07:00 Denver,74.62970186360678
2021-12-02T09:45:00-07:00 Denver,74.77140899658202
2021-12-02T09:46:00-07:00 Denver,78.09517771402994
2021-12-02T09:47:00-07:00 Denver,81.40092427571614
2021-12-02T09:48:00-07:00 Denver,84.62005279541017
2021-12-02T09:49:00-07:00 Denver,87.68022898356122
2021-12-02T09:50:00-07:00 Denver,90.55060414632163
2021-12-02T09:51:00-07:00 Denver,88.49253833007813
2021-12-02T09:52:00-07:00 Denver,86.42649521891278
2021-12-02T09:53:00-07:00 Denver,84.49273207600913
2021-12-02T09:54:00-07:00 Denver,82.58195935058595
2021-12-02T09:55:00-07:00 Denver,80.8906080118815
2021-12-02T09:56:00-07:00 Denver,81.99219704182941
2021-12-02T09:57:00-07:00 Denver,83.07302038574218
2021-12-02T09:58:00-07:00 Denver,84.20892795817056
2021-12-02T09:59:00-07:00 Denver,85.29302126057941
2021-12-02T10:00:00-07:00 Denver,86.19846160888672
2021-12-02T10:01:00-07:00 Denver,85.4449256998698
2021-12-02T10:02:00-07:00 Denver,84.92360414632162
2021-12-02T10:03:00-07:00 Denver,84.48044879150392
2021-12-02T10:04:00-07:00 Denver,84.08200779215495
2021-12-02T10:05:00-07:00 Denver,83.90849202473959
2021-12-02T10:06:00-07:00 Denver,85.49472229003905
2021-12-02T10:07:00-07:00 Denver,87.00067759195963
2021-12-02T10:08:00-07:00 Denver,88.58191212972007
2021-12-02T10:09:00-07:00 Denver,90.18787658691404
2021-12-02T10:10:00-07:00 Denver,91.67073465983074
2021-12-02T10:11:00-07:00 Denver,90.97360219319663
2021-12-02T10:12:00-07:00 Denver,90.17537872314452
2021-12-02T10:13:00-07:00 Denver,89.2802955118815
2021-12-02T10:14:00-07:00 Denver,88.36734883626302
2021-12-02T10:15:00-07:00 Denver,87.60775909423828
2021-12-02T10:16:00-07:00 Denver,87.33686399332682
2021-12-02T10:17:00-07:00 Denver,87.18329219563799
2021-12-02T10:18:00-07:00 Denver,86.90094537353515
2021-12-02T10:19:00-07:00 Denver,86.64570579020184
2021-12-02T10:20:00-07:00 Denver,86.46482686360677
2021-12-02T10:21:00-07:00 Denver,86.57028686523437
2021-12-02T10:22:00-07:00 Denver,86.56897196451824
2021-12-02T10:23:00-07:00 Denver,86.65303151448566
2021-12-02T10:24:00-07:00 Denver,86.77081756591795
2021-12-02T10:25:00-07:00 Denver,87.0431797281901
2021-12-02T10:26:00-07:00 Denver,86.94665315755208
2021-12-02T10:27:00-07:00 Denver,86.7646331176758
2021-12-02T10:28:00-07:00 Denver,86.56395005289713
2021-12-02T10:29:00-07:00 Denver,86.21967720540363
2021-12-02T10:30:00-07:00 Denver,85.8822967529297
2021-12-02T10:31:00-07:00 Denver,85.56188382975262
2021-12-02T10:32:00-07:00 Denver,85.1521749471029
2021-12-02T10:33:00-07:00 Denver,84.99880761718751
2021-12-02T10:34:00-07:00 Denver,84.79670524088543
2021-12-02T10:35:00-07:00 Denver,84.52112721761068
2021-12-02T10:36:00-07:00 Denver,85.8944403076172
2021-12-02T10:37:00-07:00 Denver,87.09054545084638
2021-12-02T10:38:00-07:00 Denver,88.26971181233726
2021-12-02T10:39:00-07:00 Denver,89.67222106933593
2021-12-02T10:40:00-07:00 Denver,91.13166239420573
2021-12-02T10:41:00-07:00 Denver,89.74229219563802
2021-12-02T10:42:00-07:00 Denver,88.43617852783206
2021-12-02T10:43:00-07:00 Denver,87.11834916178384
2021-12-02T10:44:00-07:00 Denver,85.84179482014974
2021-12-02T10:45:00-07:00 Denver,84.57779998779297
2021-12-02T10:46:00-07:00 Denver,84.63602750651043
2021-12-02T10:47:00-07:00 Denver,84.52369228108725
2021-12-02T10:48:00-07:00 Denver,84.58361047363283
2021-12-02T10:49:00-07:00 Denver,84.67934714762367
2021-12-02T10:50:00-07:00 Denver,84.70216969807944
2021-12-02T10:51:00-07:00 Denver,85.30550091552736
2021-12-02T10:52:00-07:00 Denver,85.95228000895185
2021-12-02T10:53:00-07:00 Denver,86.41490993245445
2021-12-02T10:54:00-07:00 Denver,86.85989306640624
2021-12-02T10:55:00-07:00 Denver,87.65270182291667
2021-12-02T10:56:00-07:00 Denver,87.43487105305991
2021-12-02T10:57:00-07:00 Denver,86.9875892944336
2021-12-02T10:58:00-07:00 Denver,86.4105681559245
2021-12-02T10:59:00-07:00 Denver,85.8233709309896
2021-12-02T11:00:00-07:00 Denver,85.04253509521484
2021-12-02T11:01:00-07:00 Denver,85.95415427652993
2021-12-02T11:02:00-07:00 Denver,87.1142216389974
2021-12-02T11:03:00-07:00 Denver,88.22995764160157
2021-12-02T11:04:00-07:00 Denver,89.33642240397135
2021-12-02T11:05:00-07:00 Denver,90.4768318684896
2021-12-02T11:06:00-07:00 Denver,91.95418103027342
2021-12-02T11:07:00-07:00 Denver,93.77382908121746
2021-12-02T11:08:00-07:00 Denver,95.25528285725912
2021-12-02T11:09:00-07:00 Denver,96.42199969482422
2021-12-02T11:10:00-07:00 Denver,97.54717905680337
2021-12-02T11:11:00-07:00 Denver,95.65687697347003
2021-12-02T11:12:00-07:00 Denver,93.86189044189453
2021-12-02T11:13:00-07:00 Denver,92.08853324381514
2021-12-02T11:14:00-07:00 Denver,90.5423565266927
2021-12-02T11:15:00-07:00 Denver,89.01870330810547
2021-12-02T11:16:00-07:00 Denver,90.12505918375652
2021-12-02T11:17:00-07:00 Denver,91.16516139729819
2021-12-02T11:18:00-07:00 Denver,92.21429681396485
2021-12-02T11:19:00-07:00 Denver,93.29414664713542
2021-12-02T11:20:00-07:00 Denver,94.2985616048177
2021-12-02T11:21:00-07:00 Denver,95.40797094726564
2021-12-02T11:22:00-07:00 Denver,96.55152335611979
2021-12-02T11:23:00-07:00 Denver,97.71251350911459
2021-12-02T11:24:00-07:00 Denver,98.94144647216797
2021-12-02T11:25:00-07:00 Denver,100.05816630045572
2021-12-02T11:26:00-07:00 Denver,98.49145393880211
2021-12-02T11:27:00-07:00 Denver,97.04562933349608
2021-12-02T11:28:00-07:00 Denver,95.49312443033855
2021-12-02T11:29:00-07:00 Denver,93.6406454671224
2021-12-02T11:30:00-07:00 Denver,92.03785064697269
2021-12-02T11:31:00-07:00 Denver,93.06545432535808
2021-12-02T11:32:00-07:00 Denver,94.18252943929036
2021-12-02T11:33:00-07:00 Denver,95.2222684326172
2021-12-02T11:34:00-07:00 Denver,96.12402829996745
2021-12-02T11:35:00-07:00 Denver,96.85342793782553
2021-12-02T11:36:00-07:00 Denver,96.17823315429688
2021-12-02T11:37:00-07:00 Denver,95.2351398111979
2021-12-02T11:38:00-07:00 Denver,94.49279414876301
2021-12-02T11:39:00-07:00 Denver,93.76567675781246
2021-12-02T11:40:00-07:00 Denver,93.08562357584633
2021-12-02T11:41:00-07:00 Denver,93.04812532552081
2021-12-02T11:42:00-07:00 Denver,93.12010278320312
2021-12-02T11:43:00-07:00 Denver,92.98617356363931
2021-12-02T11:44:00-07:00 Denver,92.53390480550131
2021-12-02T11:45:00-07:00 Denver,92.05917968749999
2021-12-02T11:46:00-07:00 Denver,92.52284946695963
2021-12-02T11:47:00-07:00 Denver,93.2250949910482
2021-12-02T11:48:00-07:00 Denver,94.24739666748047
2021-12-02T11:49:00-07:00 Denver,95.3841896158854
2021-12-02T11:50:00-07:00 Denver,96.43464986165364
2021-12-02T11:51:00-07:00 Denver,94.51008154296873
2021-12-02T11:52:00-07:00 Denver,92.38450767008464
2021-12-02T11:53:00-07:00 Denver,90.05454536946615
2021-12-02T11:54:00-07:00 Denver,87.91173364257811
2021-12-02T11:55:00-07:00 Denver,85.86892649332682
2021-12-02T11:56:00-07:00 Denver,89.0235755818685
2021-12-02T11:57:00-07:00 Denver,92.45367633056641
2021-12-02T11:58:00-07:00 Denver,95.92325919596354
2021-12-02T11:59:00-07:00 Denver,99.39683681233726
2021-12-02T12:00:00-07:00 Denver,102.66007202148437
2021-12-02T12:01:00-07:00 Denver,101.05424424235025
2021-12-02T12:02:00-07:00 Denver,99.8723300374349
2021-12-02T12:03:00-07:00 Denver,98.66065966796874
2021-12-02T12:04:00-07:00 Denver,96.99368534342446
2021-12-02T12:05:00-07:00 Denver,95.29190114339195
2021-12-02T12:06:00-07:00 Denver,94.30552276611327
2021-12-02T12:07:00-07:00 Denver,93.0903251139323
2021-12-02T12:08:00-07:00 Denver,92.15965352376303
2021-12-02T12:09:00-07:00 Denver,91.59093719482422
2021-12-02T12:10:00-07:00 Denver,90.96056009928384
2021-12-02T12:11:00-07:00 Denver,92.63828932698569
2021-12-02T12:12:00-07:00 Denver,94.24984271240234
2021-12-02T12:13:00-07:00 Denver,95.55963523356121
2021-12-02T12:14:00-07:00 Denver,96.84203975423178
2021-12-02T12:15:00-07:00 Denver,98.00635345458984
2021-12-02T12:16:00-07:00 Denver,99.9826387125651
2021-12-02T12:17:00-07:00 Denver,101.94651399739584
2021-12-02T12:18:00-07:00 Denver,103.56495776367188
2021-12-02T12:19:00-07:00 Denver,105.45518039957685
2021-12-02T12:20:00-07:00 Denver,107.12298024495445
2021-12-02T12:21:00-07:00 Denver,103.89196667480468
2021-12-02T12:22:00-07:00 Denver,100.97052952067054
2021-12-02T12:23:00-07:00 Denver,97.94407069905598
2021-12-02T12:24:00-07:00 Denver,95.16977252197265
2021-12-02T12:25:00-07:00 Denver,92.56063395182292
2021-12-02T12:26:00-07:00 Denver,93.68128346761068
2021-12-02T12:27:00-07:00 Denver,94.85259063720704
2021-12-02T12:28:00-07:00 Denver,95.7814448038737
2021-12-02T12:29:00-07:00 Denver,96.9162880452474
2021-12-02T12:30:00-07:00 Denver,98.0711508178711
2021-12-02T12:31:00-07:00 Denver,99.00977689615887
2021-12-02T12:32:00-07:00 Denver,100.06193294270835
2021-12-02T12:33:00-07:00 Denver,101.19761102294923
2021-12-02T12:34:00-07:00 Denver,102.33044944254559
2021-12-02T12:35:00-07:00 Denver,103.43561604817708
2021-12-02T12:36:00-07:00 Denver,104.72160577392577
2021-12-02T12:37:00-07:00 Denver,106.01269040934247
2021-12-02T12:38:00-07:00 Denver,107.28249055989582
2021-12-02T12:39:00-07:00 Denver,108.7673786010742
2021-12-02T12:40:00-07:00 Denver,109.94131846110025
2021-12-02T12:41:00-07:00 Denver,109.39670198567708
2021-12-02T12:42:00-07:00 Denver,108.97595025634766
2021-12-02T12:43:00-07:00 Denver,108.37526688639323
2021-12-02T12:44:00-07:00 Denver,107.48079536946616
2021-12-02T12:45:00-07:00 Denver,106.78211395263672
2021-12-02T12:46:00-07:00 Denver,104.22946531168623
2021-12-02T12:47:00-07:00 Denver,101.72514125569664
2021-12-02T12:48:00-07:00 Denver,99.11778070068362
2021-12-02T12:49:00-07:00 Denver,96.39700767008465
2021-12-02T12:50:00-07:00 Denver,93.80613271077476
2021-12-02T12:51:00-07:00 Denver,95.82310754394533
2021-12-02T12:52:00-07:00 Denver,97.89485685221356
2021-12-02T12:53:00-07:00 Denver,99.89823610432944
2021-12-02T12:54:00-07:00 Denver,101.95913793945311
2021-12-02T12:55:00-07:00 Denver,103.95136606852213
2021-12-02T12:56:00-07:00 Denver,103.4335522664388
2021-12-02T12:57:00-07:00 Denver,103.04744470214843
2021-12-02T12:58:00-07:00 Denver,102.6891981608073
2021-12-02T12:59:00-07:00 Denver,102.07836372884114
2021-12-02T13:00:00-07:00 Denver,101.35809783935547
2021-12-02T13:01:00-07:00 Denver,104.39196724446613
2021-12-02T13:02:00-07:00 Denver,107.42431840006508
2021-12-02T13:03:00-07:00 Denver,110.48450006103515
2021-12-02T13:04:00-07:00 Denver,113.90730226643882
2021-12-02T13:05:00-07:00 Denver,117.23260538736979
2021-12-02T13:06:00-07:00 Denver,117.89395800781251
2021-12-02T13:07:00-07:00 Denver,118.56377010091146
2021-12-02T13:08:00-07:00 Denver,119.31471164957682
2021-12-02T13:09:00-07:00 Denver,120.10551373291017
2021-12-02T13:10:00-07:00 Denver,121.01291585286458
2021-12-02T13:11:00-07:00 Denver,119.18471482340496
2021-12-02T13:12:00-07:00 Denver,117.56103955078126
2021-12-02T13:13:00-07:00 Denver,115.79083260091144
2021-12-02T13:14:00-07:00 Denver,113.8761767985026
2021-12-02T13:15:00-07:00 Denver,111.81503356933592
2021-12-02T13:16:00-07:00 Denver,110.68379012044271
2021-12-02T13:17:00-07:00 Denver,109.78191526285808
2021-12-02T13:18:00-07:00 Denver,108.76043896484373
2021-12-02T13:19:00-07:00 Denver,107.57925502522787
2021-12-02T13:20:00-07:00 Denver,106.41335734049478
2021-12-02T13:21:00-07:00 Denver,105.08703973388673
2021-12-02T13:22:00-07:00 Denver,103.5178952840169
2021-12-02T13:23:00-07:00 Denver,101.97766929117839
2021-12-02T13:24:00-07:00 Denver,100.45607275390627
2021-12-02T13:25:00-07:00 Denver,99.06502888997397
2021-12-02T13:26:00-07:00 Denver,100.89204593912763
2021-12-02T13:27:00-07:00 Denver,102.73383807373048
2021-12-02T13:28:00-07:00 Denver,104.36171877034508
2021-12-02T13:29:00-07:00 Denver,105.943206644694
2021-12-02T13:30:00-07:00 Denver,107.4523083496094
2021-12-02T13:31:00-07:00 Denver,110.37751186116537
2021-12-02T13:32:00-07:00 Denver,113.40650413004556
2021-12-02T13:33:00-07:00 Denver,116.31704089355469
2021-12-02T13:34:00-07:00 Denver,118.98052718098958
2021-12-02T13:35:00-07:00 Denver,121.74092661539711
2021-12-02T13:36:00-07:00 Denver,120.98908123779297
2021-12-02T13:37:00-07:00 Denver,120.16303236897788
2021-12-02T13:38:00-07:00 Denver,119.3386299235026
2021-12-02T13:39:00-07:00 Denver,118.63512591552734
2021-12-02T13:40:00-07:00 Denver,118.10077168782553
2021-12-02T13:41:00-07:00 Denver,115.2891279703776
2021-12-02T13:42:00-07:00 Denver,112.3647172241211
2021-12-02T13:43:00-07:00 Denver,109.41278572591148
2021-12-02T13:44:00-07:00 Denver,106.600565226237
2021-12-02T13:45:00-07:00 Denver,103.85317932128905
2021-12-02T13:46:00-07:00 Denver,102.46961519368489
2021-12-02T13:47:00-07:00 Denver,100.93004520670573
2021-12-02T13:48:00-07:00 Denver,99.431158203125
2021-12-02T13:49:00-07:00 Denver,98.2711002400716
2021-12-02T13:50:00-07:00 Denver,97.15969797770182
2021-12-02T13:51:00-07:00 Denver,99.41173223876953
2021-12-02T13:52:00-07:00 Denver,101.51379396565753
2021-12-02T13:53:00-07:00 Denver,103.95234556070963
2021-12-02T13:54:00-07:00 Denver,106.24843804931643
2021-12-02T13:55:00-07:00 Denver,108.35414204915364
2021-12-02T13:56:00-07:00 Denver,109.56363944498698
2021-12-02T13:57:00-07:00 Denver,110.67698663330079
2021-12-02T13:58:00-07:00 Denver,111.78591182454429
2021-12-02T13:59:00-07:00 Denver,113.2577581583659
2021-12-02T14:00:00-07:00 Denver,114.43750091552734
2021-12-02T14:01:00-07:00 Denver,113.04562312825519
2021-12-02T14:02:00-07:00 Denver,111.76601493326822
2021-12-02T14:03:00-07:00 Denver,110.62892230224608
2021-12-02T14:04:00-07:00 Denver,109.55648116048175
2021-12-02T14:05:00-07:00 Denver,108.55081400553385
2021-12-02T14:06:00-07:00 Denver,106.86381323242188
2021-12-02T14:07:00-07:00 Denver,105.08553896077473
2021-12-02T14:08:00-07:00 Denver,103.30982969156904
2021-12-02T14:09:00-07:00 Denver,101.3669344482422
2021-12-02T14:10:00-07:00 Denver,99.30549062093101
2021-12-02T14:11:00-07:00 Denver,99.98439432779949
2021-12-02T14:12:00-07:00 Denver,100.7016815185547
2021-12-02T14:13:00-07:00 Denver,101.45127461751302
2021-12-02T14:14:00-07:00 Denver,102.20789896647136
2021-12-02T14:15:00-07:00 Denver,102.92894592285157
2021-12-02T14:16:00-07:00 Denver,102.2941453450521
2021-12-02T14:17:00-07:00 Denver,101.56744565836588
2021-12-02T14:18:00-07:00 Denver,100.89865460205075
2021-12-02T14:19:00-07:00 Denver,100.34003047688802
2021-12-02T14:20:00-07:00 Denver,99.7137870279948
2021-12-02T14:21:00-07:00 Denver,103.6811474609375
2021-12-02T14:22:00-07:00 Denver,107.86306325276692
2021-12-02T14:23:00-07:00 Denver,111.40513529459635
2021-12-02T14:24:00-07:00 Denver,115.38743255615233
2021-12-02T14:25:00-07:00 Denver,119.60833150227867
2021-12-02T14:26:00-07:00 Denver,118.19852366129558
2021-12-02T14:27:00-07:00 Denver,116.53187072753907
2021-12-02T14:28:00-07:00 Denver,114.83740102132161
2021-12-02T14:29:00-07:00 Denver,113.09213938395185
2021-12-02T14:30:00-07:00 Denver,111.27375152587888
2021-12-02T14:31:00-07:00 Denver,113.96819160970053
2021-12-02T14:32:00-07:00 Denver,116.70126542154946
2021-12-02T14:33:00-07:00 Denver,119.60634240722655
2021-12-02T14:34:00-07:00 Denver,122.46626253255208
2021-12-02T14:35:00-07:00 Denver,125.27576304117838
2021-12-02T14:36:00-07:00 Denver,124.2344737548828
2021-12-02T14:37:00-07:00 Denver,122.97280482991539
2021-12-02T14:38:00-07:00 Denver,121.6807358194987
2021-12-02T14:39:00-07:00 Denver,120.51852368164063
2021-12-02T14:40:00-07:00 Denver,119.41762288411459
2021-12-02T14:41:00-07:00 Denver,118.83101359049479
2021-12-02T14:42:00-07:00 Denver,118.15734985351563
2021-12-02T14:43:00-07:00 Denver,117.41714101155598
2021-12-02T14:44:00-07:00 Denver,116.55037729899088
2021-12-02T14:45:00-07:00 Denver,115.62686004638671
2021-12-02T14:46:00-07:00 Denver,116.99358583577472
2021-12-02T14:47:00-07:00 Denver,118.4084180094401
2021-12-02T14:48:00-07:00 Denver,119.81791113281248
2021-12-02T14:49:00-07:00 Denver,121.23965858968097
2021-12-02T14:50:00-07:00 Denver,122.77627726236979
2021-12-02T14:51:00-07:00 Denver,119.68746246337889
2021-12-02T14:52:00-07:00 Denver,116.50545461018879
2021-12-02T14:53:00-07:00 Denver,113.38077402750653
2021-12-02T14:54:00-07:00 Denver,110.15534729003905
2021-12-02T14:55:00-07:00 Denver,106.93770100911459
2021-12-02T14:56:00-07:00 Denver,107.64294962565106
2021-12-02T14:57:00-07:00 Denver,108.39271118164064
2021-12-02T14:58:00-07:00 Denver,109.23039693196614
2021-12-02T14:59:00-07:00 Denver,110.03182932535807
2021-12-02T15:00:00-07:00 Denver,110.70876678466796
2021-12-02T15:01:00-07:00 Denver,112.71254524739582
2021-12-02T15:02:00-07:00 Denver,114.80438828531902
2021-12-02T15:03:00-07:00 Denver,116.9631304321289
2021-12-02T15:04:00-07:00 Denver,119.07281404622395
2021-12-02T15:05:00-07:00 Denver,121.14478403727213
2021-12-02T15:06:00-07:00 Denver,120.77705725097654
2021-12-02T15:07:00-07:00 Denver,120.39576234944661
2021-12-02T15:08:00-07:00 Denver,120.08022672526042
2021-12-02T15:09:00-07:00 Denver,119.79816430664061
2021-12-02T15:10:00-07:00 Denver,119.43046346028646
2021-12-02T15:11:00-07:00 Denver,119.28351438395183
2021-12-02T15:12:00-07:00 Denver,119.13411169433596
2021-12-02T15:13:00-07:00 Denver,118.94519484456382
2021-12-02T15:14:00-07:00 Denver,118.71911673990886
2021-12-02T15:15:00-07:00 Denver,118.40921142578125
2021-12-02T15:16:00-07:00 Denver,116.10441615804037
2021-12-02T15:17:00-07:00 Denver,113.81706321207682
2021-12-02T15:18:00-07:00 Denver,111.57316882324218
2021-12-02T15:19:00-07:00 Denver,109.36590163167317
2021-12-02T15:20:00-07:00 Denver,107.08722483317057
2021-12-02T15:21:00-07:00 Denver,108.51667181396485
2021-12-02T15:22:00-07:00 Denver,109.99190431722006
2021-12-02T15:23:00-07:00 Denver,111.46434446207682
2021-12-02T15:24:00-07:00 Denver,112.86238122558596
2021-12-02T15:25:00-07:00 Denver,114.22932210286459
2021-12-02T15:26:00-07:00 Denver,114.41007999674483
2021-12-02T15:27:00-07:00 Denver,114.65734942626953
2021-12-02T15:28:00-07:00 Denver,114.86307375081381
2021-12-02T15:29:00-07:00 Denver,115.07873765055339
2021-12-02T15:30:00-07:00 Denver,115.3424819946289
2021-12-02T15:31:00-07:00 Denver,116.7455625813802
2021-12-02T15:32:00-07:00 Denver,118.18544584147136
2021-12-02T15:33:00-07:00 Denver,119.65458172607423
2021-12-02T15:34:00-07:00 Denver,121.12201472981769
2021-12-02T15:35:00-07:00 Denver,122.65488962809245
2021-12-02T15:36:00-07:00 Denver,120.61785650634765
2021-12-02T15:37:00-07:00 Denver,118.53618532307945
2021-12-02T15:38:00-07:00 Denver,116.50456907145181
2021-12-02T15:39:00-07:00 Denver,114.42517831420898
2021-12-02T15:40:00-07:00 Denver,112.18489125569661
2021-12-02T15:41:00-07:00 Denver,113.77194349161785
2021-12-02T15:42:00-07:00 Denver,115.34529333496093
2021-12-02T15:43:00-07:00 Denver,116.91757277425128
2021-12-02T15:44:00-07:00 Denver,118.41010596720376
2021-12-02T15:45:00-07:00 Denver,119.92879196166993
2021-12-02T15:46:00-07:00 Denver,119.77321605428061
2021-12-02T15:47:00-07:00 Denver,119.59051993815103
2021-12-02T15:48:00-07:00 Denver,119.41095568847658
2021-12-02T15:49:00-07:00 Denver,119.32530394490558
2021-12-02T15:50:00-07:00 Denver,119.42253107706706
2021-12-02T15:51:00-07:00 Denver,120.72337911987306
2021-12-02T15:52:00-07:00 Denver,121.95455400594076
2021-12-02T15:53:00-07:00 Denver,123.0911350809733
2021-12-02T15:54:00-07:00 Denver,124.17024087524413
2021-12-02T15:55:00-07:00 Denver,125.26889241536459
2021-12-02T15:56:00-07:00 Denver,122.88327717081704
2021-12-02T15:57:00-07:00 Denver,120.53681216430664
2021-12-02T15:58:00-07:00 Denver,118.21972032674154
2021-12-02T15:59:00-07:00 Denver,115.86775071207683
2021-12-02T16:00:00-07:00 Denver,113.5839421081543
2021-12-02T16:01:00-07:00 Denver,114.57158305867515
2021-12-02T16:02:00-07:00 Denver,115.55219924418134
2021-12-02T16:03:00-07:00 Denver,116.51787402343751
2021-12-02T16:04:00-07:00 Denver,117.4381558125814
2021-12-02T16:05:00-07:00 Denver,118.39292971293133
2021-12-02T16:06:00-07:00 Denver,118.46042628479003
2021-12-02T16:07:00-07:00 Denver,119.53207057698567
2021-12-02T16:08:00-07:00 Denver,120.72716839090982
2021-12-02T16:09:00-07:00 Denver,120.7890176849365
2021-12-02T16:10:00-07:00 Denver,120.21505822499591
2021-12-02T16:11:00-07:00 Denver,119.52235639826455
2021-12-02T16:12:00-07:00 Denver,118.86362864685057
2021-12-02T16:13:00-07:00 Denver,118.29411703236897
2021-12-02T16:14:00-07:00 Denver,117.81452679697672
2021-12-02T16:15:00-07:00 Denver,117.26439184188843
2021-12-02T16:16:00-07:00 Denver,116.28620857747396
2021-12-02T16:17:00-07:00 Denver,115.36135907236736
2021-12-02T16:18:00-07:00 Denver,114.54592338180544
2021-12-02T16:19:00-07:00 Denver,113.87466465123495
2021-12-02T16:20:00-07:00 Denver,113.3138277689616
2021-12-02T16:21:00-07:00 Denver,114.45072517395019
2021-12-02T16:22:00-07:00 Denver,115.48151839574177
2021-12-02T16:23:00-07:00 Denver,116.33156773249307
2021-12-02T16:24:00-07:00 Denver,117.0128131866455
2021-12-02T16:25:00-07:00 Denver,117.79984086354573
2021-12-02T16:26:00-07:00 Denver,116.42283574740091
2021-12-02T16:27:00-07:00 Denver,115.14746165275574
2021-12-02T16:28:00-07:00 Denver,113.89338787396748
2021-12-02T16:29:00-07:00 Denver,112.69173056284585
2021-12-02T16:30:00-07:00 Denver,111.47615079879759
2021-12-02T16:31:00-07:00 Denver,111.48142264493308
2021-12-02T16:32:00-07:00 Denver,111.56085101381937
2021-12-02T16:33:00-07:00 Denver,111.64449223899841
2021-12-02T16:34:00-07:00 Denver,111.83647480042775
2021-12-02T16:35:00-07:00 Denver,112.2649548594157
2021-12-02T16:36:00-07:00 Denver,112.96736433029174
2021-12-02T16:37:00-07:00 Denver,113.67100301583606
2021-12-02T16:38:00-07:00 Denver,114.29982881228128
2021-12-02T16:39:00-07:00 Denver,114.85234498739241
2021-12-02T16:40:00-07:00 Denver,115.42356772263844
2021-12-02T16:41:00-07:00 Denver,113.46333156935374
2021-12-02T16:42:00-07:00 Denver,111.556115637064
2021-12-02T16:43:00-07:00 Denver,109.6304827278455
2021-12-02T16:44:00-07:00 Denver,107.61408432451883
2021-12-02T16:45:00-07:00 Denver,105.59570527970791
2021-12-02T16:46:00-07:00 Denver,106.64833363850911
2021-12-02T16:47:00-07:00 Denver,107.55316752115885
2021-12-02T16:48:00-07:00 Denver,108.34999969482422
2021-12-02T16:49:00-07:00 Denver,109.25483357747397
2021-12-02T16:50:00-07:00 Denver,110.08766504923504
2021-12-02T16:51:00-07:00 Denver,110.45449893188479
2021-12-02T16:52:00-07:00 Denver,110.92933452351889
2021-12-02T16:53:00-07:00 Denver,111.45816715494793
2021-12-02T16:54:00-07:00 Denver,112.09500149536134
2021-12-02T16:55:00-07:00 Denver,112.74983357747395
2021-12-02T16:56:00-07:00 Denver,112.84266791788737
2021-12-02T16:57:00-07:00 Denver,112.97150155639648
2021-12-02T16:58:00-07:00 Denver,112.92033488972982
2021-12-02T16:59:00-07:00 Denver,112.7431649576823
2021-12-02T17:00:00-07:00 Denver,112.61999969482422
2021-12-02T17:01:00-07:00 Denver,112.94333217366537
2021-12-02T17:02:00-07:00 Denver,113.17666831461588
2021-12-02T17:03:00-07:00 Denver,113.24800189208986
2021-12-02T17:04:00-07:00 Denver,113.30133391316734
2021-12-02T17:05:00-07:00 Denver,113.53466623942059
2021-12-02T17:06:00-07:00 Denver,111.6270011291504
2021-12-02T17:07:00-07:00 Denver,109.77333305867514
2021-12-02T17:08:00-07:00 Denver,107.82966483561196
2021-12-02T17:09:00-07:00 Denver,105.81400183105467
2021-12-02T17:10:00-07:00 Denver,103.83433430989582
2021-12-02T17:11:00-07:00 Denver,105.06566666666666
2021-12-02T17:12:00-07:00 Denver,106.323
2021-12-02T17:13:00-07:00 Denver,107.58033333333333
2021-12-02T17:14:00-07:00 Denver,108.83766666666665
2021-12-02T17:15:00-07:00 Denver,110.095
2021-12-02T17:16:00-07:00 Denver,109.62933333333334
2021-12-02T17:17:00-07:00 Denver,109.16366666666667
2021-12-02T17:18:00-07:00 Denver,108.69800000000001
2021-12-02T17:19:00-07:00 Denver,108.23233333333336
2021-12-02T17:20:00-07:00 Denver,107.76666666666668
2021-12-02T17:21:00-07:00 Denver,107.59000000000002
2021-12-02T17:22:00-07:00 Denver,107.41333333333336
2021-12-02T17:23:00-07:00 Denver,107.23666666666666
2021-12-02T17:24:00-07:00 Denver,107.06
2021-12-02T17:25:00-07:00 Denver,106.88333333333333
2021-12-02T17:26:00-07:00 Denver,106.02066666666666
2021-12-02T17:27:00-07:00 Denver,105.15799999999999
2021-12-02T17:28:00-07:00 Denver,104.29533333333332
2021-12-02T17:29:00-07:00 Denver,103.43266666666666
2021-12-02T17:30:00-07:00 Denver,102.57
2021-12-02T17:31:00-07:00 Denver,102.87933333333334
2021-12-02T17:32:00-07:00 Denver,103.18866666666668
2021-12-02T17:33:00-07:00 Denver,103.498
2021-12-02T17:34:00-07:00 Denver,103.80733333333335
2021-12-02T17:35:00-07:00 Denver,104.11666666666667
2021-12-02T17:36:00-07:00 Denver,104.81
2021-12-02T17:37:00-07:00 Denver,105.50333333333332
2021-12-02T17:38:00-07:00 Denver,106.19666666666666
2021-12-02T17:39:00-07:00 Denver,106.88999999999999
2021-12-02T17:40:00-07:00 Denver,107.58333333333331
2021-12-02T17:41:00-07:00 Denver,106.34016666666666
2021-12-02T17:42:00-07:00 Denver,105.097
2021-12-02T17:43:00-07:00 Denver,103.85383333333333
2021-12-02T17:44:00-07:00 Denver,102.61066666666667
2021-12-02T17:45:00-07:00 Denver,101.3675
2021-12-02T17:46:00-07:00 Denver,101.70333333333335
2021-12-02T17:47:00-07:00 Denver,102.03916666666669
2021-12-02T17:48:00-07:00 Denver,102.37500000000003
2021-12-02T17:49:00-07:00 Denver,102.71083333333337
2021-12-02T17:50:00-07:00 Denver,103.04666666666668
2021-12-02T17:51:00-07:00 Denver,103.00900000000001
2021-12-02T17:52:00-07:00 Denver,102.97133333333335
2021-12-02T17:53:00-07:00 Denver,102.93366666666667
2021-12-02T17:54:00-07:00 Denver,102.89599999999999
2021-12-02T17:55:00-07:00 Denver,102.85833333333332
2021-12-02T17:56:00-07:00 Denver,103.09666666666666
2021-12-02T17:57:00-07:00 Denver,103.335
2021-12-02T17:58:00-07:00 Denver,103.57333333333332
2021-12-02T17:59:00-07:00 Denver,103.81166666666667
2021-12-02T18:00:00-07:00 Denver,104.05
2021-12-02T18:01:00-07:00 Denver,103.14
2021-12-02T18:02:00-07:00 Denver,102.23
2021-12-02T18:03:00-07:00 Denver,101.32000000000001
2021-12-02T18:04:00-07:00 Denver,100.41
2021-12-02T18:05:00-07:00 Denver,99.5
2021-12-02T18:06:00-07:00 Denver,100.34
2021-12-02T18:07:00-07:00 Denver,101.18799942016602
2021-12-02T18:08:00-07:00 Denver,102.08200027465821
2021-12-02T18:09:00-07:00 Denver,103.24600158691408
2021-12-02T18:10:00-07:00 Denver,104.24800033569336
2021-12-02T18:11:00-07:00 Denver,102.92600189208984
2021-12-02T18:12:00-07:00 Denver,101.26200057983398
2021-12-02T18:13:00-07:00 Denver,99.7779995727539
2021-12-02T18:14:00-07:00 Denver,98.3660009765625
2021-12-02T18:15:00-07:00 Denver,97
2021-12-02T18:16:00-07:00 Denver,98.32
2021-12-02T18:17:00-07:00 Denver,99.63999999999999
2021-12-02T18:18:00-07:00 Denver,100.96
2021-12-02T18:19:00-07:00 Denver,102.28
2021-12-02T18:20:00-07:00 Denver,103.6
2021-12-02T18:21:00-07:00 Denver,102.42999999999999
2021-12-02T18:22:00-07:00 Denver,101.25999999999999
2021-12-02T18:23:00-07:00 Denver,100.08999999999999
2021-12-02T18:24:00-07:00 Denver,98.91999999999999
2021-12-02T18:25:00-07:00 Denver,97.75
2021-12-02T18:26:00-07:00 Denver,98.85
2021-12-02T18:27:00-07:00 Denver,99.94999999999999
2021-12-02T18:28:00-07:00 Denver,101.05
2021-12-02T18:29:00-07:00 Denver,102.15
2021-12-02T18:30:00-07:00 Denver,103.25
2021-12-02T18:31:00-07:00 Denver,102.85
2021-12-02T18:32:00-07:00 Denver,102.44999999999999
2021-12-02T18:33:00-07:00 Denver,102.05
2021-12-02T18:34:00-07:00 Denver,101.65
2021-12-02T18:35:00-07:00 Denver,101.25
2021-12-02T18:36:00-07:00 Denver,100.02
2021-12-02T18:37:00-07:00 Denver,98.78999999999999
2021-12-02T18:38:00-07:00 Denver,97.55999999999999
2021-12-02T18:39:00-07:00 Denver,96.32999999999998
2021-12-02T18:40:00-07:00 Denver,95.1
2021-12-02T18:41:00-07:00 Denver,96.28999999999999
2021-12-02T18:42:00-07:00 Denver,97.47999999999999
2021-12-02T18:43:00-07:00 Denver,98.7139987182617
2021-12-02T18:44:00-07:00 Denver,100.06600128173827
2021-12-02T18:45:00-07:00 Denver,101.3099983215332
2021-12-02T18:46:00-07:00 Denver,100.61200042724609
2021-12-02T18:47:00-07:00 Denver,99.9320002746582
2021-12-02T18:48:00-07:00 Denver,99.27999999999999
2021-12-02T18:49:00-07:00 Denver,98.69
2021-12-02T18:50:00-07:00 Denver,98.1
2021-12-02T18:51:00-07:00 Denver,97.88
2021-12-02T18:52:00-07:00 Denver,97.66
2021-12-02T18:53:00-07:00 Denver,97.44
2021-12-02T18:54:00-07:00 Denver,97.22
2021-12-02T18:55:00-07:00 Denver,97
2021-12-02T18:56:00-07:00 Denver,98.13
2021-12-02T18:57:00-07:00 Denver,99.25999999999999
2021-12-02T18:58:00-07:00 Denver,100.39
2021-12-02T18:59:00-07:00 Denver,101.52000000000001
2021-12-02T19:00:00-07:00 Denver,102.65
2021-12-02T19:01:00-07:00 Denver,101.80000000000001
2021-12-02T19:02:00-07:00 Denver,100.95000000000002
2021-12-02T19:03:00-07:00 Denver,100.10000000000001
2021-12-02T19:04:00-07:00 Denver,99.25
2021-12-02T19:05:00-07:00 Denver,98.4
2021-12-02T19:06:00-07:00 Denver,97.88000000000001
2021-12-02T19:07:00-07:00 Denver,97.36000000000001
2021-12-02T19:08:00-07:00 Denver,96.84
2021-12-02T19:09:00-07:00 Denver,96.32
2021-12-02T19:10:00-07:00 Denver,95.8
2021-12-02T19:11:00-07:00 Denver,96.91
2021-12-02T19:12:00-07:00 Denver,98.02
2021-12-02T19:13:00-07:00 Denver,99.13
2021-12-02T19:14:00-07:00 Denver,100.24
2021-12-02T19:15:00-07:00 Denver,101.35
2021-12-02T19:16:00-07:00 Denver,101.13
2021-12-02T19:17:00-07:00 Denver,100.91
2021-12-02T19:18:00-07:00 Denver,100.69
2021-12-02T19:19:00-07:00 Denver,100.47
2021-12-02T19:20:00-07:00 Denver,100.25
2021-12-02T19:21:00-07:00 Denver,100.07
2021-12-02T19:22:00-07:00 Denver,99.88999999999999
2021-12-02T19:23:00-07:00 Denver,99.71
2021-12-02T19:24:00-07:00 Denver,99.53
2021-12-02T19:25:00-07:00 Denver,99.35
2021-12-02T19:26:00-07:00 Denver,99.39
2021-12-02T19:27:00-07:00 Denver,99.43
2021-12-02T19:28:00-07:00 Denver,99.47
2021-12-02T19:29:00-07:00 Denver,99.50999999999999
2021-12-02T19:30:00-07:00 Denver,99.55
2021-12-02T19:31:00-07:00 Denver,99.16
2021-12-02T19:32:00-07:00 Denver,98.77
2021-12-02T19:33:00-07:00 Denver,98.38
2021-12-02T19:34:00-07:00 Denver,97.99
2021-12-02T19:35:00-07:00 Denver,97.6
2021-12-02T19:36:00-07:00 Denver,97.42
2021-12-02T19:37:00-07:00 Denver,97.24000000000001
2021-12-02T19:38:00-07:00 Denver,97.06
2021-12-02T19:39:00-07:00 Denver,96.88
2021-12-02T19:40:00-07:00 Denver,96.7
2021-12-02T19:41:00-07:00 Denver,96.83
2021-12-02T19:42:00-07:00 Denver,96.96
2021-12-02T19:43:00-07:00 Denver,97.08999999999999
2021-12-02T19:44:00-07:00 Denver,97.22
2021-12-02T19:45:00-07:00 Denver,97.35
2021-12-02T19:46:00-07:00 Denver,97.02
2021-12-02T19:47:00-07:00 Denver,96.69
2021-12-02T19:48:00-07:00 Denver,96.36
2021-12-02T19:49:00-07:00 Denver,96.03
2021-12-02T19:50:00-07:00 Denver,95.7
2021-12-02T19:51:00-07:00 Denver,96.49000000000001
2021-12-02T19:52:00-07:00 Denver,97.28
2021-12-02T19:53:00-07:00 Denver,98.07000000000001
2021-12-02T19:54:00-07:00 Denver,98.86000000000001
2021-12-02T19:55:00-07:00 Denver,99.65
2021-12-02T19:56:00-07:00 Denver,99.57000000000001
2021-12-02T19:57:00-07:00 Denver,99.49000000000001
2021-12-02T19:58:00-07:00 Denver,99.41000000000001
2021-12-02T19:59:00-07:00 Denver,99.33000000000001
2021-12-02T20:00:00-07:00 Denver,99.25
2021-12-02T20:01:00-07:00 Denver,99.76
2021-12-02T20:02:00-07:00 Denver,100.27000000000001
2021-12-02T20:03:00-07:00 Denver,100.8060009765625
2021-12-02T20:04:00-07:00 Denver,101.31600097656249
2021-12-02T20:05:00-07:00 Denver,101.80799942016601
2021-12-02T20:06:00-07:00 Denver,101.2960009765625
2021-12-02T20:07:00-07:00 Denver,100.78399871826171
2021-12-02T20:08:00-07:00 Denver,100.21799942016601
2021-12-02T20:09:00-07:00 Denver,99.68
2021-12-02T20:10:00-07:00 Denver,99.15
2021-12-02T20:11:00-07:00 Denver,98.82000000000001
2021-12-02T20:12:00-07:00 Denver,98.49000000000001
2021-12-02T20:13:00-07:00 Denver,98.16000000000001
2021-12-02T20:14:00-07:00 Denver,97.83000000000001
2021-12-02T20:15:00-07:00 Denver,97.5
2021-12-02T20:16:00-07:00 Denver,97.69
2021-12-02T20:17:00-07:00 Denver,97.88
2021-12-02T20:18:00-07:00 Denver,98.07
2021-12-02T20:19:00-07:00 Denver,98.25999999999999
2021-12-02T20:20:00-07:00 Denver,98.45
2021-12-02T20:21:00-07:00 Denver,99
2021-12-02T20:22:00-07:00 Denver,99.55
2021-12-02T20:23:00-07:00 Denver,100.1
2021-12-02T20:24:00-07:00 Denver,100.65
2021-12-02T20:25:00-07:00 Denver,101.2260009765625
2021-12-02T20:26:00-07:00 Denver,100.79600173950196
2021-12-02T20:27:00-07:00 Denver,100.18599838256836
2021-12-02T20:28:00-07:00 Denver,99.17999893188477
2021-12-02T20:29:00-07:00 Denver,98.24600189208985
2021-12-02T20:30:00-07:00 Denver,97.41999893188476
2021-12-02T20:31:00-07:00 Denver,97.18599822998047
2021-12-02T20:32:00-07:00 Denver,97.31199813842774
2021-12-02T20:33:00-07:00 Denver,97.47400115966798
2021-12-02T20:34:00-07:00 Denver,97.29400131225586
2021-12-02T20:35:00-07:00 Denver,97.00599975585938
2021-12-02T20:36:00-07:00 Denver,97.17599975585938
2021-12-02T20:37:00-07:00 Denver,97.23800186157227
2021-12-02T20:38:00-07:00 Denver,97.21000000000001
2021-12-02T20:39:00-07:00 Denver,97.2180012512207
2021-12-02T20:40:00-07:00 Denver,97.40599899291992
2021-12-02T20:41:00-07:00 Denver,98.4559992980957
2021-12-02T20:42:00-07:00 Denver,99.32599929809571
2021-12-02T20:43:00-07:00 Denver,99.96199813842775
2021-12-02T20:44:00-07:00 Denver,100.59800079345703
2021-12-02T20:45:00-07:00 Denver,101.34200134277344
2021-12-02T20:46:00-07:00 Denver,100.67200119018555
2021-12-02T20:47:00-07:00 Denver,100.00200103759767
2021-12-02T20:48:00-07:00 Denver,99.2599984741211
2021-12-02T20:49:00-07:00 Denver,98.4100018310547
2021-12-02T20:50:00-07:00 Denver,97.75
2021-12-02T20:51:00-07:00 Denver,98.37
2021-12-02T20:52:00-07:00 Denver,98.99000000000001
2021-12-02T20:53:00-07:00 Denver,99.61
2021-12-02T20:54:00-07:00 Denver,100.22999999999999
2021-12-02T20:55:00-07:00 Denver,100.85
2021-12-02T20:56:00-07:00 Denver,101
2021-12-02T20:57:00-07:00 Denver,101.15
2021-12-02T20:58:00-07:00 Denver,101.3
2021-12-02T20:59:00-07:00 Denver,101.44999999999999
2021-12-02T21:00:00-07:00 Denver,101.6
2021-12-02T21:01:00-07:00 Denver,102.02
2021-12-02T21:02:00-07:00 Denver,102.44
2021-12-02T21:03:00-07:00 Denver,102.86
2021-12-02T21:04:00-07:00 Denver,103.28
2021-12-02T21:05:00-07:00 Denver,103.7
2021-12-02T21:06:00-07:00 Denver,103.93
2021-12-02T21:07:00-07:00 Denver,104.16
2021-12-02T21:08:00-07:00 Denver,104.39
2021-12-02T21:09:00-07:00 Denver,104.62
2021-12-02T21:10:00-07:00 Denver,104.85
2021-12-02T21:11:00-07:00 Denver,104.11999999999999
2021-12-02T21:12:00-07:00 Denver,103.38999999999999
2021-12-02T21:13:00-07:00 Denver,102.66
2021-12-02T21:14:00-07:00 Denver,101.93
2021-12-02T21:15:00-07:00 Denver,101.2
2021-12-02T21:16:00-07:00 Denver,100.77
2021-12-02T21:17:00-07:00 Denver,100.34
2021-12-02T21:18:00-07:00 Denver,99.91
2021-12-02T21:19:00-07:00 Denver,99.47999999999999
2021-12-02T21:20:00-07:00 Denver,99.05
2021-12-02T21:21:00-07:00 Denver,99.94
2021-12-02T21:22:00-07:00 Denver,100.83
2021-12-02T21:23:00-07:00 Denver,101.72
2021-12-02T21:24:00-07:00 Denver,102.61
2021-12-02T21:25:00-07:00 Denver,103.5
2021-12-02T21:26:00-07:00 Denver,101.8
2021-12-02T21:27:00-07:00 Denver,100.1
2021-12-02T21:28:00-07:00 Denver,98.39999999999999
2021-12-02T21:29:00-07:00 Denver,96.69999999999999
2021-12-02T21:30:00-07:00 Denver,95
2021-12-02T21:31:00-07:00 Denver,95.72
2021-12-02T21:32:00-07:00 Denver,96.44
2021-12-02T21:33:00-07:00 Denver,97.16
2021-12-02T21:34:00-07:00 Denver,97.88
2021-12-02T21:35:00-07:00 Denver,98.6
2021-12-02T21:36:00-07:00 Denver,98.19
2021-12-02T21:37:00-07:00 Denver,97.78
2021-12-02T21:38:00-07:00 Denver,97.37
2021-12-02T21:39:00-07:00 Denver,96.96000000000001
2021-12-02T21:40:00-07:00 Denver,96.55
2021-12-02T21:41:00-07:00 Denver,97.37
2021-12-02T21:42:00-07:00 Denver,98.19
2021-12-02T21:43:00-07:00 Denver,99.01
2021-12-02T21:44:00-07:00 Denver,99.83000000000001
2021-12-02T21:45:00-07:00 Denver,100.65
2021-12-02T21:46:00-07:00 Denver,100.19
2021-12-02T21:47:00-07:00 Denver,99.72999999999999
2021-12-02T21:48:00-07:00 Denver,99.27
2021-12-02T21:49:00-07:00 Denver,98.81
2021-12-02T21:50:00-07:00 Denver,98.35
2021-12-02T21:51:00-07:00 Denver,99.28
2021-12-02T21:52:00-07:00 Denver,100.21000000000001
2021-12-02T21:53:00-07:00 Denver,101.14
2021-12-02T21:54:00-07:00 Denver,102.07
2021-12-02T21:55:00-07:00 Denver,103
2021-12-02T21:56:00-07:00 Denver,102.82
2021-12-02T21:57:00-07:00 Denver,102.63999999999999
2021-12-02T21:58:00-07:00 Denver,102.46
2021-12-02T21:59:00-07:00 Denver,102.28
2021-12-02T22:00:00-07:00 Denver,102.1
2021-12-02T22:01:00-07:00 Denver,101.17
2021-12-02T22:02:00-07:00 Denver,100.24000000000001
2021-12-02T22:03:00-07:00 Denver,99.31
2021-12-02T22:04:00-07:00 Denver,98.38
2021-12-02T22:05:00-07:00 Denver,97.45
2021-12-02T22:06:00-07:00 Denver,97.34
2021-12-02T22:07:00-07:00 Denver,97.23
2021-12-02T22:08:00-07:00 Denver,97.12
2021-12-02T22:09:00-07:00 Denver,97.01
2021-12-02T22:10:00-07:00 Denver,96.9
2021-12-02T22:11:00-07:00 Denver,98.45
2021-12-02T22:12:00-07:00 Denver,100
2021-12-02T22:13:00-07:00 Denver,101.55
2021-12-02T22:14:00-07:00 Denver,103.1
2021-12-02T22:15:00-07:00 Denver,104.65
2021-12-02T22:16:00-07:00 Denver,102.96000000000001
2021-12-02T22:17:00-07:00 Denver,101.27000000000001
2021-12-02T22:18:00-07:00 Denver,99.58000000000001
2021-12-02T22:19:00-07:00 Denver,97.89000000000001
2021-12-02T22:20:00-07:00 Denver,96.2
2021-12-02T22:21:00-07:00 Denver,96.96000000000001
2021-12-02T22:22:00-07:00 Denver,97.72
2021-12-02T22:23:00-07:00 Denver,98.48
2021-12-02T22:24:00-07:00 Denver,99.24000000000001
2021-12-02T22:25:00-07:00 Denver,100
2021-12-02T22:26:00-07:00 Denver,100.78
2021-12-02T22:27:00-07:00 Denver,101.56
2021-12-02T22:28:00-07:00 Denver,102.34
2021-12-02T22:29:00-07:00 Denver,103.12
2021-12-02T22:30:00-07:00 Denver,103.9
2021-12-02T22:31:00-07:00 Denver,103.72
2021-12-02T22:32:00-07:00 Denver,103.53999999999999
2021-12-02T22:33:00-07:00 Denver,103.3860009765625
2021-12-02T22:34:00-07:00 Denver,103.24200027465821
2021-12-02T22:35:00-07:00 Denver,103.04399871826172
2021-12-02T22:36:00-07:00 Denver,101.64
2021-12-02T22:37:00-07:00 Denver,100.28
2021-12-02T22:38:00-07:00 Denver,98.92
2021-12-02T22:39:00-07:00 Denver,97.56
2021-12-02T22:40:00-07:00 Denver,96.2
2021-12-02T22:41:00-07:00 Denver,96.7
2021-12-02T22:42:00-07:00 Denver,97.2
2021-12-02T22:43:00-07:00 Denver,97.7
2021-12-02T22:44:00-07:00 Denver,98.2
2021-12-02T22:45:00-07:00 Denver,98.7
2021-12-02T22:46:00-07:00 Denver,98.76
2021-12-02T22:47:00-07:00 Denver,98.82000000000001
2021-12-02T22:48:00-07:00 Denver,98.88000000000001
2021-12-02T22:49:00-07:00 Denver,98.94
2021-12-02T22:50:00-07:00 Denver,99
2021-12-02T22:51:00-07:00 Denver,99.28
2021-12-02T22:52:00-07:00 Denver,99.56
2021-12-02T22:53:00-07:00 Denver,99.84
2021-12-02T22:54:00-07:00 Denver,100.12
2021-12-02T22:55:00-07:00 Denver,100.4
2021-12-02T22:56:00-07:00 Denver,100.47
2021-12-02T22:57:00-07:00 Denver,100.53999999999999
2021-12-02T22:58:00-07:00 Denver,100.61
2021-12-02T22:59:00-07:00 Denver,100.68
2021-12-02T23:00:00-07:00 Denver,100.75
2021-12-02T23:01:00-07:00 Denver,99.79
2021-12-02T23:02:00-07:00 Denver,98.83000000000001
2021-12-02T23:03:00-07:00 Denver,97.87
2021-12-02T23:04:00-07:00 Denver,96.91000000000001
2021-12-02T23:05:00-07:00 Denver,95.95
2021-12-02T23:06:00-07:00 Denver,97.62
2021-12-02T23:07:00-07:00 Denver,99.29
2021-12-02T23:08:00-07:00 Denver,100.96000000000001
2021-12-02T23:09:00-07:00 Denver,102.63
2021-12-02T23:10:00-07:00 Denver,104.3
2021-12-02T23:11:00-07:00 Denver,104.2
2021-12-02T23:12:00-07:00 Denver,104.1
2021-12-02T23:13:00-07:00 Denver,104
2021-12-02T23:14:00-07:00 Denver,103.9
2021-12-02T23:15:00-07:00 Denver,103.8
2021-12-02T23:16:00-07:00 Denver,103.25
2021-12-02T23:17:00-07:00 Denver,102.7
2021-12-02T23:18:00-07:00 Denver,102.15
2021-12-02T23:19:00-07:00 Denver,101.6
2021-12-02T23:20:00-07:00 Denver,101.05
2021-12-02T23:21:00-07:00 Denver,101.64999999999999
2021-12-02T23:22:00-07:00 Denver,102.25
2021-12-02T23:23:00-07:00 Denver,102.85
2021-12-02T23:24:00-07:00 Denver,103.44999999999999
2021-12-02T23:25:00-07:00 Denver,104.05
2021-12-02T23:26:00-07:00 Denver,103.37
2021-12-02T23:27:00-07:00 Denver,102.69
2021-12-02T23:28:00-07:00 Denver,102.01
2021-12-02T23:29:00-07:00 Denver,101.33000000000001
2021-12-02T23:30:00-07:00 Denver,100.65
2021-12-02T23:31:00-07:00 Denver,99.85000000000001
2021-12-02T23:32:00-07:00 Denver,99.05000000000001
2021-12-02T23:33:00-07:00 Denver,98.29399871826173
2021-12-02T23:34:00-07:00 Denver,97.60200042724611
2021-12-02T23:35:00-07:00 Denver,96.78399887084962
2021-12-02T23:36:00-07:00 Denver,96.5379995727539
2021-12-02T23:37:00-07:00 Denver,96.34600112915038
2021-12-02T23:38:00-07:00 Denver,96.2439990234375
2021-12-02T23:39:00-07:00 Denver,96.14200073242188
2021-12-02T23:40:00-07:00 Denver,95.84200057983398
2021-12-02T23:41:00-07:00 Denver,96.72200042724609
2021-12-02T23:42:00-07:00 Denver,97.56600097656249
2021-12-02T23:43:00-07:00 Denver,98.50999999999999
2021-12-02T23:44:00-07:00 Denver,99.47999999999999
2021-12-02T23:45:00-07:00 Denver,100.45
2021-12-02T23:46:00-07:00 Denver,100.07000000000001
2021-12-02T23:47:00-07:00 Denver,99.69
2021-12-02T23:48:00-07:00 Denver,99.31
2021-12-02T23:49:00-07:00 Denver,98.93
2021-12-02T23:50:00-07:00 Denver,98.55
2021-12-02T23:51:00-07:00 Denver,98.08
2021-12-02T23:52:00-07:00 Denver,97.61
2021-12-02T23:53:00-07:00 Denver,97.14
2021-12-02T23:54:00-07:00 Denver,96.67
2021-12-02T23:55:00-07:00 Denver,96.2
2021-12-02T23:56:00-07:00 Denver,0
2021-12-02T23:57:00-07:00 Denver,0
2021-12-02T23:58:00-07:00 Denver,0
2021-12-02T23:59:00-07:00 Denver,0
